case_id,party_number,party_type,at_fault,party_sex,party_age,party_sobriety,party_drug_physical,party_safety_equip_1,oaf_1,oaf_2,party_number_killed,party_number_injured,move_pre_acc,vehicle_year,vehicle_make,stwd_vehicle_type,race,inattention,party_type_label,sobriety_label,safety_equip_label,race_label,move_pre_acc_label,vehicle_type_label,accident_year,collision_date,collision_time,day_of_week,primary_rd,secondary_rd,distance,direction,intersection,weather_1,collision_severity,number_killed,number_injured,party_count,primary_coll_factor,pcf_viol_category,hit_and_run,type_of_collision,mviw,ped_action,road_surface,road_cond_1,lighting,pedestrian_accident,bicycle_accident,alcohol_involved,stwd_vehtype_at_fault,count_severe_inj,count_visible_inj,count_complaint_pain,count_ped_killed,count_ped_injured,count_bicyclist_killed,count_bicyclist_injured,latitude,longitude,county,city,severity_label,collision_type_label,mviw_label,lighting_label,weather_label,road_surface_label,hit_and_run_label,ped_action_label,day_of_week_label,pcf_category_label
6553998,2,4,N,F,32.0,A,-,-,N,-,0,1,E,,-,L,O,,bicyclist,not_drinking,not_applicable,,making_right_turn,emergency_vehicle,2014,2014-05-29,19:08,4,San Pablo Av,Ashby Av,0.0,,Y,A,3,0,1,2,A,- ,F,D,G,A,A,H,B,,Y,,A,0,1,0,0,0,0,1,,,ALAMEDA,BERKELEY,other_visible_injury,broadside,bicycle,dusk_dawn,clear,dry,felony,no_pedestrian,Thursday,
6575648,1,1,Y,M,67.0,A,-,M,N,-,0,0,B,1989.0,TOYOTA,D,H,,driver,not_drinking,airbag,other,proceeding_straight,pickup_truck,2014,2014-06-26,16:45,4,University Av,Curtis St,0.0,,Y,A,4,0,1,2,A,11,N,D,G,A,A,H,A,,Y,,D,0,0,1,0,0,0,1,,,ALAMEDA,BERKELEY,complaint_of_pain,broadside,bicycle,daylight,clear,dry,no,no_pedestrian,Thursday,pedestrian_violation
6575648,2,4,N,M,13.0,A,-,-,N,-,0,1,B,,-,L,W,,bicyclist,not_drinking,not_applicable,,proceeding_straight,emergency_vehicle,2014,2014-06-26,16:45,4,University Av,Curtis St,0.0,,Y,A,4,0,1,2,A,11,N,D,G,A,A,H,A,,Y,,D,0,0,1,0,0,0,1,,,ALAMEDA,BERKELEY,complaint_of_pain,broadside,bicycle,daylight,clear,dry,no,no_pedestrian,Thursday,pedestrian_violation
6577950,1,1,Y,F,33.0,A,-,M,A,-,0,0,B,2013.0,HONDA,A,B,,driver,not_drinking,airbag,hispanic,proceeding_straight,passenger_car,2014,2014-06-16,11:39,1,Milvia St,Dwight Wy,0.0,,Y,A,4,0,1,2,A,09,N,D,G,A,A,H,A,,Y,,A,0,0,1,0,0,0,1,,,ALAMEDA,BERKELEY,complaint_of_pain,broadside,bicycle,daylight,clear,dry,no,no_pedestrian,Monday,automobile_right_of_way
6577950,2,4,N,F,40.0,A,-,-,N,-,0,1,B,,-,L,W,,bicyclist,not_drinking,not_applicable,,proceeding_straight,emergency_vehicle,2014,2014-06-16,11:39,1,Milvia St,Dwight Wy,0.0,,Y,A,4,0,1,2,A,09,N,D,G,A,A,H,A,,Y,,A,0,0,1,0,0,0,1,,,ALAMEDA,BERKELEY,complaint_of_pain,broadside,bicycle,daylight,clear,dry,no,no_pedestrian,Monday,automobile_right_of_way
6577954,1,4,Y,M,30.0,A,-,-,N,-,0,1,B,,-,L,B,,bicyclist,not_drinking,not_applicable,hispanic,proceeding_straight,emergency_vehicle,2014,2014-06-15,00:43,7,Virginia St,Martin Luther King Jr Wy,0.0,,Y,A,3,0,1,2,A,01,N,A,G,A,A,H,C,,Y,Y,L,0,1,0,0,0,0,1,,,ALAMEDA,BERKELEY,other_visible_injury,head_on,bicycle,dark_street_lights,clear,dry,no,no_pedestrian,Sunday,dui
6577954,2,1,N,M,41.0,B,-,M,N,-,0,0,B,1997.0,LEXUS,-,B,,driver,drinking_not_under_influence,airbag,hispanic,proceeding_straight,,2014,2014-06-15,00:43,7,Virginia St,Martin Luther King Jr Wy,0.0,,Y,A,3,0,1,2,A,01,N,A,G,A,A,H,C,,Y,Y,L,0,1,0,0,0,0,1,,,ALAMEDA,BERKELEY,other_visible_injury,head_on,bicycle,dark_street_lights,clear,dry,no,no_pedestrian,Sunday,dui
6577958,1,1,Y,-,,G,G,-,N,-,0,0,B,,-,A,,,driver,not_applicable,not_applicable,,proceeding_straight,passenger_car,2014,2014-06-12,20:53,4,Sacramento St,Julia St,0.0,,Y,A,4,0,1,2,A,10,F,G,B,B,A,H,C,Y,,,A,0,0,1,0,1,0,0,,,ALAMEDA,BERKELEY,complaint_of_pain,vehicle_pedestrian,pedestrian,dark_street_lights,clear,dry,felony,crossing_in_crosswalk_at_intersection,Thursday,pedestrian_right_of_way
6577958,2,2,N,F,21.0,A,-,-,N,-,0,1,B,,-,N,B,,pedestrian,not_drinking,not_applicable,hispanic,proceeding_straight,city_bus,2014,2014-06-12,20:53,4,Sacramento St,Julia St,0.0,,Y,A,4,0,1,2,A,10,F,G,B,B,A,H,C,Y,,,A,0,0,1,0,1,0,0,,,ALAMEDA,BERKELEY,complaint_of_pain,vehicle_pedestrian,pedestrian,dark_street_lights,clear,dry,felony,crossing_in_crosswalk_at_intersection,Thursday,pedestrian_right_of_way
6577962,1,2,Y,M,19.0,A,-,-,N,-,0,1,R,,-,N,B,,pedestrian,not_drinking,not_applicable,hispanic,traveling_wrong_way,city_bus,2014,2014-06-12,14:12,4,San Pablo Av,University Av,0.0,,Y,A,3,0,1,2,A,11,N,G,B,B,A,H,A,Y,,,N,0,1,0,0,1,0,0,,,ALAMEDA,BERKELEY,other_visible_injury,vehicle_pedestrian,pedestrian,daylight,clear,dry,no,crossing_in_crosswalk_at_intersection,Thursday,pedestrian_violation
6577962,2,1,N,M,60.0,A,-,M,N,-,0,0,E,2013.0,VOLKSWAGEN,A,W,,driver,not_drinking,airbag,,making_right_turn,passenger_car,2014,2014-06-12,14:12,4,San Pablo Av,University Av,0.0,,Y,A,3,0,1,2,A,11,N,G,B,B,A,H,A,Y,,,N,0,1,0,0,1,0,0,,,ALAMEDA,BERKELEY,other_visible_injury,vehicle_pedestrian,pedestrian,daylight,clear,dry,no,crossing_in_crosswalk_at_intersection,Thursday,pedestrian_violation
6577966,1,4,Y,F,30.0,A,-,-,N,-,0,1,B,,-,L,W,,bicyclist,not_drinking,not_applicable,,proceeding_straight,emergency_vehicle,2014,2014-06-11,11:48,3,Spruce St,Rose St,0.0,,Y,A,3,0,1,2,A,12,N,D,G,A,A,H,A,,Y,,L,0,1,0,0,0,0,1,,,ALAMEDA,BERKELEY,other_visible_injury,broadside,bicycle,daylight,clear,dry,no,no_pedestrian,Wednesday,traffic_signals
6577966,2,1,N,F,62.0,A,-,P,N,-,0,0,B,2005.0,TOYOTA,-,O,,driver,not_drinking,,,proceeding_straight,,2014,2014-06-11,11:48,3,Spruce St,Rose St,0.0,,Y,A,3,0,1,2,A,12,N,D,G,A,A,H,A,,Y,,L,0,1,0,0,0,0,1,,,ALAMEDA,BERKELEY,other_visible_injury,broadside,bicycle,daylight,clear,dry,no,no_pedestrian,Wednesday,traffic_signals
6577970,1,1,Y,M,44.0,A,-,M,N,-,0,0,D,1991.0,TOYOTA,A,O,,driver,not_drinking,airbag,,ran_off_road_left,passenger_car,2014,2014-06-10,12:16,2,Rose St,Martin Luther King Jr Wy,0.0,,Y,A,4,0,1,2,A,09,N,D,G,A,A,H,A,,Y,,A,0,0,1,0,0,0,1,,,ALAMEDA,BERKELEY,complaint_of_pain,broadside,bicycle,daylight,clear,dry,no,no_pedestrian,Tuesday,automobile_right_of_way
6577970,2,4,N,F,32.0,A,-,-,N,-,0,1,B,,-,L,O,,bicyclist,not_drinking,not_applicable,,proceeding_straight,emergency_vehicle,2014,2014-06-10,12:16,2,Rose St,Martin Luther King Jr Wy,0.0,,Y,A,4,0,1,2,A,09,N,D,G,A,A,H,A,,Y,,A,0,0,1,0,0,0,1,,,ALAMEDA,BERKELEY,complaint_of_pain,broadside,bicycle,daylight,clear,dry,no,no_pedestrian,Tuesday,automobile_right_of_way
6580847,1,2,Y,M,93.0,A,-,-,-,-,0,1,R,,-,N,A,,pedestrian,not_drinking,not_applicable,white,traveling_wrong_way,city_bus,2014,2014-06-09,16:13,1,Ashby Av,California St,0.0,,Y,A,4,0,1,2,A,11,N,G,B,B,A,H,A,Y,,,N,0,0,1,0,1,0,0,,,ALAMEDA,BERKELEY,complaint_of_pain,vehicle_pedestrian,pedestrian,daylight,clear,dry,no,crossing_in_crosswalk_at_intersection,Monday,pedestrian_violation
6580847,2,1,N,M,44.0,A,-,M,-,-,0,0,H,2006.0,HONDA,A,W,,driver,not_drinking,airbag,,backing,passenger_car,2014,2014-06-09,16:13,1,Ashby Av,California St,0.0,,Y,A,4,0,1,2,A,11,N,G,B,B,A,H,A,Y,,,N,0,0,1,0,1,0,0,,,ALAMEDA,BERKELEY,complaint_of_pain,vehicle_pedestrian,pedestrian,daylight,clear,dry,no,crossing_in_crosswalk_at_intersection,Monday,pedestrian_violation
6580855,1,4,Y,F,22.0,A,-,-,M,-,0,1,B,,-,L,W,,bicyclist,not_drinking,not_applicable,,proceeding_straight,emergency_vehicle,2014,2014-06-09,10:48,1,Sacramento St,Addison St,0.0,,Y,A,3,0,1,2,A,09,N,D,G,A,A,H,A,,Y,,L,0,1,0,0,0,0,1,,,ALAMEDA,BERKELEY,other_visible_injury,broadside,bicycle,daylight,clear,dry,no,no_pedestrian,Monday,automobile_right_of_way
6580855,2,1,N,M,43.0,A,-,M,M,-,0,0,A,1999.0,VOLKSWAGEN,A,W,,driver,not_drinking,airbag,,stopped,passenger_car,2014,2014-06-09,10:48,1,Sacramento St,Addison St,0.0,,Y,A,3,0,1,2,A,09,N,D,G,A,A,H,A,,Y,,L,0,1,0,0,0,0,1,,,ALAMEDA,BERKELEY,other_visible_injury,broadside,bicycle,daylight,clear,dry,no,no_pedestrian,Monday,automobile_right_of_way
6582136,1,1,Y,M,,A,-,M,E,M,0,0,E,2013.0,CHEVROLET,J,,,driver,not_drinking,airbag,,making_right_turn,school_bus,2014,2014-07-25,18:31,5,University Av,Grant St,0.0,,Y,A,4,0,1,2,A,08,N,D,G,A,A,H,A,,Y,,J,0,0,1,0,0,0,1,,,ALAMEDA,BERKELEY,complaint_of_pain,broadside,bicycle,daylight,clear,dry,no,no_pedestrian,Friday,improper_turning
6582136,2,4,N,M,26.0,A,-,-,N,-,0,1,B,,-,L,B,,bicyclist,not_drinking,not_applicable,hispanic,proceeding_straight,emergency_vehicle,2014,2014-07-25,18:31,5,University Av,Grant St,0.0,,Y,A,4,0,1,2,A,08,N,D,G,A,A,H,A,,Y,,J,0,0,1,0,0,0,1,,,ALAMEDA,BERKELEY,complaint_of_pain,broadside,bicycle,daylight,clear,dry,no,no_pedestrian,Friday,improper_turning
6594806,1,1,Y,M,51.0,A,-,P,N,-,0,0,D,2010.0,PONTIAC,A,B,,driver,not_drinking,,hispanic,ran_off_road_left,passenger_car,2014,2014-07-11,17:58,5,Adeline St,Alcatraz Av,0.0,,Y,A,4,0,1,2,A,10,N,G,B,B,A,H,A,Y,,,A,0,0,1,0,1,0,0,,,ALAMEDA,BERKELEY,complaint_of_pain,vehicle_pedestrian,pedestrian,daylight,clear,dry,no,crossing_in_crosswalk_at_intersection,Friday,pedestrian_right_of_way
6594806,2,2,N,F,46.0,A,-,-,N,-,0,1,B,,-,N,B,,pedestrian,not_drinking,not_applicable,hispanic,proceeding_straight,city_bus,2014,2014-07-11,17:58,5,Adeline St,Alcatraz Av,0.0,,Y,A,4,0,1,2,A,10,N,G,B,B,A,H,A,Y,,,A,0,0,1,0,1,0,0,,,ALAMEDA,BERKELEY,complaint_of_pain,vehicle_pedestrian,pedestrian,daylight,clear,dry,no,crossing_in_crosswalk_at_intersection,Friday,pedestrian_right_of_way
6594818,1,1,Y,M,74.0,A,-,M,N,-,0,0,B,2005.0,CHRYSLER,A,B,,driver,not_drinking,airbag,hispanic,proceeding_straight,passenger_car,2014,2014-07-11,18:59,5,Cedar St,Acton St,0.0,,Y,A,3,0,1,2,A,10,N,A,B,B,A,H,A,Y,,,A,0,1,0,0,1,0,0,,,ALAMEDA,BERKELEY,other_visible_injury,head_on,pedestrian,daylight,clear,dry,no,crossing_in_crosswalk_at_intersection,Friday,pedestrian_right_of_way
6594818,2,2,N,F,24.0,A,-,-,N,-,0,1,B,,-,N,O,,pedestrian,not_drinking,not_applicable,,proceeding_straight,city_bus,2014,2014-07-11,18:59,5,Cedar St,Acton St,0.0,,Y,A,3,0,1,2,A,10,N,A,B,B,A,H,A,Y,,,A,0,1,0,0,1,0,0,,,ALAMEDA,BERKELEY,other_visible_injury,head_on,pedestrian,daylight,clear,dry,no,crossing_in_crosswalk_at_intersection,Friday,pedestrian_right_of_way
6594826,1,4,Y,M,33.0,A,-,-,N,-,0,1,B,,-,L,H,,bicyclist,not_drinking,not_applicable,other,proceeding_straight,emergency_vehicle,2014,2014-07-15,16:37,2,Addison St,2Nd St,0.0,,Y,A,4,0,1,2,A,08,N,B,G,A,A,H,A,,Y,,L,0,0,1,0,0,0,1,,,ALAMEDA,BERKELEY,complaint_of_pain,sideswipe,bicycle,daylight,clear,dry,no,no_pedestrian,Tuesday,improper_turning
6594826,2,1,N,M,48.0,A,-,M,N,-,0,0,I,2003.0,VOLKSWAGEN,A,W,,driver,not_drinking,airbag,,slowing_stopping,passenger_car,2014,2014-07-15,16:37,2,Addison St,2Nd St,0.0,,Y,A,4,0,1,2,A,08,N,B,G,A,A,H,A,,Y,,L,0,0,1,0,0,0,1,,,ALAMEDA,BERKELEY,complaint_of_pain,sideswipe,bicycle,daylight,clear,dry,no,no_pedestrian,Tuesday,improper_turning
6594830,1,1,Y,F,49.0,A,-,M,N,-,0,0,E,2010.0,MERCEDES-BENZ,A,W,,driver,not_drinking,airbag,,making_right_turn,passenger_car,2014,2014-07-17,09:30,4,Alcatraz Av,College Av,75.0,E,N,B,4,0,1,2,A,09,N,D,G,A,A,H,A,,Y,,A,0,0,1,0,0,0,1,,,ALAMEDA,BERKELEY,complaint_of_pain,broadside,bicycle,daylight,cloudy,dry,no,no_pedestrian,Thursday,automobile_right_of_way
6594830,2,4,N,M,55.0,A,-,-,N,-,0,1,B,,-,L,O,,bicyclist,not_drinking,not_applicable,,proceeding_straight,emergency_vehicle,2014,2014-07-17,09:30,4,Alcatraz Av,College Av,75.0,E,N,B,4,0,1,2,A,09,N,D,G,A,A,H,A,,Y,,A,0,0,1,0,0,0,1,,,ALAMEDA,BERKELEY,complaint_of_pain,broadside,bicycle,daylight,cloudy,dry,no,no_pedestrian,Thursday,automobile_right_of_way
6594862,1,5,Y,-,,A,-,-,N,-,0,0,O,2010.0,TOYOTA,A,,,other,not_drinking,not_applicable,,crossed_into_opposing_lane,passenger_car,2014,2014-07-08,11:12,2,Russell St,Sacramento St,83.0,W,N,A,3,0,1,2,A,17,N,B,G,A,A,H,A,,Y,,A,0,1,0,0,0,0,1,,,ALAMEDA,BERKELEY,other_visible_injury,sideswipe,bicycle,daylight,clear,dry,no,no_pedestrian,Tuesday,other_hazardous_mv
6594862,2,4,N,F,29.0,A,-,-,N,-,0,1,B,,-,L,A,,bicyclist,not_drinking,not_applicable,white,proceeding_straight,emergency_vehicle,2014,2014-07-08,11:12,2,Russell St,Sacramento St,83.0,W,N,A,3,0,1,2,A,17,N,B,G,A,A,H,A,,Y,,A,0,1,0,0,0,0,1,,,ALAMEDA,BERKELEY,other_visible_injury,sideswipe,bicycle,daylight,clear,dry,no,no_pedestrian,Tuesday,other_hazardous_mv
6606408,1,1,Y,-,,D,-,-,A,N,0,0,B,,HONDA,A,,,driver,impairment_unknown,not_applicable,,proceeding_straight,passenger_car,2014,2014-07-20,14:07,7,Alcatraz Av,Ellis St,0.0,,Y,A,4,0,1,2,A,07,F,B,B,B,A,H,A,Y,,Y,A,0,0,1,0,1,0,0,,,ALAMEDA,BERKELEY,complaint_of_pain,sideswipe,pedestrian,daylight,clear,dry,felony,crossing_in_crosswalk_at_intersection,Sunday,unsafe_lane_change
6606408,2,2,N,M,62.0,A,-,-,N,-,0,1,B,,-,N,B,,pedestrian,not_drinking,not_applicable,hispanic,proceeding_straight,city_bus,2014,2014-07-20,14:07,7,Alcatraz Av,Ellis St,0.0,,Y,A,4,0,1,2,A,07,F,B,B,B,A,H,A,Y,,Y,A,0,0,1,0,1,0,0,,,ALAMEDA,BERKELEY,complaint_of_pain,sideswipe,pedestrian,daylight,clear,dry,felony,crossing_in_crosswalk_at_intersection,Sunday,unsafe_lane_change
6606412,1,4,Y,M,24.0,A,-,-,N,-,0,1,B,,-,L,W,,bicyclist,not_drinking,not_applicable,,proceeding_straight,emergency_vehicle,2014,2014-07-21,11:42,1,Dwight Wy,Milvia St,13.0,S,N,A,4,0,1,2,A,12,N,D,G,A,A,H,A,,Y,,L,0,0,1,0,0,0,1,,,ALAMEDA,BERKELEY,complaint_of_pain,broadside,bicycle,daylight,clear,dry,no,no_pedestrian,Monday,traffic_signals
6606412,2,1,N,F,43.0,A,-,M,N,-,0,0,B,2012.0,VOLVO,A,O,,driver,not_drinking,airbag,,proceeding_straight,passenger_car,2014,2014-07-21,11:42,1,Dwight Wy,Milvia St,13.0,S,N,A,4,0,1,2,A,12,N,D,G,A,A,H,A,,Y,,L,0,0,1,0,0,0,1,,,ALAMEDA,BERKELEY,complaint_of_pain,broadside,bicycle,daylight,clear,dry,no,no_pedestrian,Monday,traffic_signals
6606436,1,1,Y,M,19.0,A,-,M,-,-,0,0,E,2012.0,HONDA,A,W,,driver,not_drinking,airbag,,making_right_turn,passenger_car,2014,2014-07-28,11:16,1,Euclid Av,Eunice St,140.0,S,N,A,4,0,1,2,A,08,N,D,G,A,A,H,A,,Y,,A,0,0,1,0,0,0,1,,,ALAMEDA,BERKELEY,complaint_of_pain,broadside,bicycle,daylight,clear,dry,no,no_pedestrian,Monday,improper_turning
6606436,2,4,N,M,44.0,A,-,-,-,-,0,1,B,,-,L,W,,bicyclist,not_drinking,not_applicable,,proceeding_straight,emergency_vehicle,2014,2014-07-28,11:16,1,Euclid Av,Eunice St,140.0,S,N,A,4,0,1,2,A,08,N,D,G,A,A,H,A,,Y,,A,0,0,1,0,0,0,1,,,ALAMEDA,BERKELEY,complaint_of_pain,broadside,bicycle,daylight,clear,dry,no,no_pedestrian,Monday,improper_turning
6606440,1,1,Y,-,,G,G,-,N,-,0,0,B,,-,A,,,driver,not_applicable,not_applicable,,proceeding_straight,passenger_car,2014,2014-07-29,02:12,2,Dwight Wy,Dana St,0.0,,Y,A,2,0,1,2,A,03,F,D,G,A,A,H,C,,Y,,A,1,0,0,0,0,0,1,,,ALAMEDA,BERKELEY,severe_injury,broadside,bicycle,dark_street_lights,clear,dry,felony,no_pedestrian,Tuesday,unsafe_speed
6606440,2,4,N,F,24.0,A,-,-,N,-,0,1,B,,-,L,W,,bicyclist,not_drinking,not_applicable,,proceeding_straight,emergency_vehicle,2014,2014-07-29,02:12,2,Dwight Wy,Dana St,0.0,,Y,A,2,0,1,2,A,03,F,D,G,A,A,H,C,,Y,,A,1,0,0,0,0,0,1,,,ALAMEDA,BERKELEY,severe_injury,broadside,bicycle,dark_street_lights,clear,dry,felony,no_pedestrian,Tuesday,unsafe_speed
6611968,1,1,Y,M,29.0,G,G,P,N,-,0,0,O,2003.0,TOYOTA,A,A,,driver,not_applicable,,white,crossed_into_opposing_lane,passenger_car,2014,2014-07-01,13:54,2,San Pablo Av,Cedar St,20.0,N,N,A,4,0,1,2,A,17,N,B,G,A,A,H,A,,Y,,A,0,0,1,0,0,0,1,,,ALAMEDA,BERKELEY,complaint_of_pain,sideswipe,bicycle,daylight,clear,dry,no,no_pedestrian,Tuesday,other_hazardous_mv
6611968,2,4,N,F,30.0,A,-,-,N,-,0,1,B,,-,L,A,,bicyclist,not_drinking,not_applicable,white,proceeding_straight,emergency_vehicle,2014,2014-07-01,13:54,2,San Pablo Av,Cedar St,20.0,N,N,A,4,0,1,2,A,17,N,B,G,A,A,H,A,,Y,,A,0,0,1,0,0,0,1,,,ALAMEDA,BERKELEY,complaint_of_pain,sideswipe,bicycle,daylight,clear,dry,no,no_pedestrian,Tuesday,other_hazardous_mv
6640659,1,1,N,-,,G,G,-,-,-,0,0,D,,-,A,,,driver,not_applicable,not_applicable,,ran_off_road_left,passenger_car,2014,2014-08-19,14:07,2,Oxford St,Hearst Av,0.0,,Y,A,4,0,1,2,D,00,N,D,B,B,A,H,A,Y,,,-,0,0,1,0,1,0,0,,,ALAMEDA,BERKELEY,complaint_of_pain,broadside,pedestrian,daylight,clear,dry,no,crossing_in_crosswalk_at_intersection,Tuesday,unknown
6640659,2,2,N,F,20.0,A,-,-,N,-,0,1,B,,-,N,O,,pedestrian,not_drinking,not_applicable,,proceeding_straight,city_bus,2014,2014-08-19,14:07,2,Oxford St,Hearst Av,0.0,,Y,A,4,0,1,2,D,00,N,D,B,B,A,H,A,Y,,,-,0,0,1,0,1,0,0,,,ALAMEDA,BERKELEY,complaint_of_pain,broadside,pedestrian,daylight,clear,dry,no,crossing_in_crosswalk_at_intersection,Tuesday,unknown
6640676,1,1,Y,F,40.0,A,-,M,N,-,0,0,O,2009.0,MINI,A,W,,driver,not_drinking,airbag,,crossed_into_opposing_lane,passenger_car,2014,2014-08-26,18:55,2,6Th St,Bancroft Wy,261.0,S,N,A,3,0,1,2,A,17,N,D,G,A,A,H,A,,Y,,A,0,1,0,0,0,0,1,,,ALAMEDA,BERKELEY,other_visible_injury,broadside,bicycle,daylight,clear,dry,no,no_pedestrian,Tuesday,other_hazardous_mv
6640676,2,4,N,F,25.0,A,-,-,N,-,0,1,B,,-,L,W,,bicyclist,not_drinking,not_applicable,,proceeding_straight,emergency_vehicle,2014,2014-08-26,18:55,2,6Th St,Bancroft Wy,261.0,S,N,A,3,0,1,2,A,17,N,D,G,A,A,H,A,,Y,,A,0,1,0,0,0,0,1,,,ALAMEDA,BERKELEY,other_visible_injury,broadside,bicycle,daylight,clear,dry,no,no_pedestrian,Tuesday,other_hazardous_mv
6640684,1,1,Y,F,70.0,A,-,M,-,-,0,0,E,2007.0,TOYOTA,A,W,,driver,not_drinking,airbag,,making_right_turn,passenger_car,2014,2014-08-27,21:14,3,Sacramento St,Prince St,0.0,,Y,A,4,0,1,2,A,10,N,G,B,B,A,H,C,Y,,,A,0,0,1,0,1,0,0,,,ALAMEDA,BERKELEY,complaint_of_pain,vehicle_pedestrian,pedestrian,dark_street_lights,clear,dry,no,crossing_in_crosswalk_at_intersection,Wednesday,pedestrian_right_of_way
6640684,2,2,N,F,29.0,A,-,-,-,-,0,1,R,,-,N,O,,pedestrian,not_drinking,not_applicable,,traveling_wrong_way,city_bus,2014,2014-08-27,21:14,3,Sacramento St,Prince St,0.0,,Y,A,4,0,1,2,A,10,N,G,B,B,A,H,C,Y,,,A,0,0,1,0,1,0,0,,,ALAMEDA,BERKELEY,complaint_of_pain,vehicle_pedestrian,pedestrian,dark_street_lights,clear,dry,no,crossing_in_crosswalk_at_intersection,Wednesday,pedestrian_right_of_way
6640688,1,1,Y,F,95.0,A,-,M,N,-,0,0,D,2004.0,TOYOTA,-,W,,driver,not_drinking,airbag,,ran_off_road_left,,2014,2014-08-27,15:30,3,Telegraph Av,Webster St,5.0,N,N,A,4,0,1,2,A,10,N,G,B,F,A,H,A,Y,,,-,0,0,1,0,1,0,0,,,ALAMEDA,BERKELEY,complaint_of_pain,vehicle_pedestrian,pedestrian,daylight,clear,dry,no,not_in_road,Wednesday,pedestrian_right_of_way
6640688,2,2,N,M,65.0,A,-,-,N,-,0,1,B,,-,N,W,,pedestrian,not_drinking,not_applicable,,proceeding_straight,city_bus,2014,2014-08-27,15:30,3,Telegraph Av,Webster St,5.0,N,N,A,4,0,1,2,A,10,N,G,B,F,A,H,A,Y,,,-,0,0,1,0,1,0,0,,,ALAMEDA,BERKELEY,complaint_of_pain,vehicle_pedestrian,pedestrian,daylight,clear,dry,no,not_in_road,Wednesday,pedestrian_right_of_way
6640696,1,4,Y,F,25.0,A,-,-,-,-,0,1,B,,-,L,W,,bicyclist,not_drinking,not_applicable,,proceeding_straight,emergency_vehicle,2014,2014-08-20,19:20,3,W Oregon St,N Milvia St,0.0,,Y,A,3,0,1,2,A,12,N,D,G,A,A,H,A,,Y,,L,0,1,0,0,0,0,1,,,ALAMEDA,BERKELEY,other_visible_injury,broadside,bicycle,daylight,clear,dry,no,no_pedestrian,Wednesday,traffic_signals
6640696,2,1,N,F,32.0,A,-,M,-,-,0,0,B,2000.0,HONDA,A,A,,driver,not_drinking,airbag,white,proceeding_straight,passenger_car,2014,2014-08-20,19:20,3,W Oregon St,N Milvia St,0.0,,Y,A,3,0,1,2,A,12,N,D,G,A,A,H,A,,Y,,L,0,1,0,0,0,0,1,,,ALAMEDA,BERKELEY,other_visible_injury,broadside,bicycle,daylight,clear,dry,no,no_pedestrian,Wednesday,traffic_signals
6640700,1,4,Y,F,20.0,A,-,-,N,-,0,1,B,,-,L,A,,bicyclist,not_drinking,not_applicable,white,proceeding_straight,emergency_vehicle,2014,2014-08-20,11:21,3,Blake St,Shattuck Av,0.0,,Y,A,3,0,1,2,B,22,N,D,G,A,A,H,A,,Y,,L,0,1,0,0,0,0,1,,,ALAMEDA,BERKELEY,other_visible_injury,broadside,bicycle,daylight,clear,dry,no,no_pedestrian,Wednesday,wrong_side_of_road
6640700,2,1,N,M,82.0,A,-,M,N,-,0,0,B,1991.0,HONDA,A,W,,driver,not_drinking,airbag,,proceeding_straight,passenger_car,2014,2014-08-20,11:21,3,Blake St,Shattuck Av,0.0,,Y,A,3,0,1,2,B,22,N,D,G,A,A,H,A,,Y,,L,0,1,0,0,0,0,1,,,ALAMEDA,BERKELEY,other_visible_injury,broadside,bicycle,daylight,clear,dry,no,no_pedestrian,Wednesday,wrong_side_of_road
6640720,1,1,Y,M,64.0,A,-,P,-,-,0,0,O,2001.0,PORSCHE,A,A,,driver,not_drinking,,white,crossed_into_opposing_lane,passenger_car,2014,2014-08-25,17:31,1,Shattuck Av,Francisco St,72.0,S,N,A,3,0,1,2,A,17,N,H,G,A,A,H,A,,Y,,A,0,1,0,0,0,0,1,,,ALAMEDA,BERKELEY,other_visible_injury,other,bicycle,daylight,clear,dry,no,no_pedestrian,Monday,other_hazardous_mv
6640720,2,4,N,M,60.0,A,-,-,-,-,0,1,B,,-,L,B,,bicyclist,not_drinking,not_applicable,hispanic,proceeding_straight,emergency_vehicle,2014,2014-08-25,17:31,1,Shattuck Av,Francisco St,72.0,S,N,A,3,0,1,2,A,17,N,H,G,A,A,H,A,,Y,,A,0,1,0,0,0,0,1,,,ALAMEDA,BERKELEY,other_visible_injury,other,bicycle,daylight,clear,dry,no,no_pedestrian,Monday,other_hazardous_mv
6645008,1,1,Y,F,37.0,A,-,M,N,-,0,0,O,2004.0,VOLVO,A,W,,driver,not_drinking,airbag,,crossed_into_opposing_lane,passenger_car,2014,2014-08-08,09:08,5,College Av,Derby St,135.0,N,N,A,3,0,1,2,A,17,N,B,G,A,A,H,A,,Y,,A,0,1,0,0,0,0,1,,,ALAMEDA,BERKELEY,other_visible_injury,sideswipe,bicycle,daylight,clear,dry,no,no_pedestrian,Friday,other_hazardous_mv
6645008,2,4,N,F,32.0,A,-,-,N,-,0,1,B,,-,L,W,,bicyclist,not_drinking,not_applicable,,proceeding_straight,emergency_vehicle,2014,2014-08-08,09:08,5,College Av,Derby St,135.0,N,N,A,3,0,1,2,A,17,N,B,G,A,A,H,A,,Y,,A,0,1,0,0,0,0,1,,,ALAMEDA,BERKELEY,other_visible_injury,sideswipe,bicycle,daylight,clear,dry,no,no_pedestrian,Friday,other_hazardous_mv
6645012,1,4,Y,F,23.0,A,-,-,N,-,0,1,B,,-,L,A,,bicyclist,not_drinking,not_applicable,white,proceeding_straight,emergency_vehicle,2014,2014-08-11,12:39,1,Milvia St,Haste St,0.0,,Y,A,4,0,1,2,A,12,N,D,G,A,A,H,A,,Y,,L,0,0,1,0,0,0,1,,,ALAMEDA,BERKELEY,complaint_of_pain,broadside,bicycle,daylight,clear,dry,no,no_pedestrian,Monday,traffic_signals