case_id,party_number,party_type,at_fault,party_sex,party_age,party_sobriety,party_drug_physical,party_safety_equip_1,oaf_1,oaf_2,party_number_killed,party_number_injured,move_pre_acc,vehicle_year,vehicle_make,stwd_vehicle_type,race,inattention,party_type_label,sobriety_label,safety_equip_label,race_label,move_pre_acc_label,vehicle_type_label,accident_year,collision_date,collision_time,day_of_week,primary_rd,secondary_rd,distance,direction,intersection,weather_1,collision_severity,number_killed,number_injured,party_count,primary_coll_factor,pcf_viol_category,hit_and_run,type_of_collision,mviw,ped_action,road_surface,road_cond_1,lighting,pedestrian_accident,bicycle_accident,alcohol_involved,stwd_vehtype_at_fault,count_severe_inj,count_visible_inj,count_complaint_pain,count_ped_killed,count_ped_injured,count_bicyclist_killed,count_bicyclist_injured,latitude,longitude,county,city,severity_label,collision_type_label,mviw_label,lighting_label,weather_label,road_surface_label,hit_and_run_label,ped_action_label,day_of_week_label,pcf_category_label
8163341,1,2,Y,F,17.0,A,-,-,F,-,0,1,B,,-,N,A,A,pedestrian,not_drinking,not_applicable,white,proceeding_straight,city_bus,2016,2016-09-09,10:02,5,Durant Av,Bowditch St,0.0,,Y,A,4,0,1,2,A,11,N,A,B,B,A,H,A,Y,,,N,0,0,1,0,1,0,0,,,ALAMEDA,BERKELEY,complaint_of_pain,head_on,pedestrian,daylight,clear,dry,no,crossing_in_crosswalk_at_intersection,Friday,pedestrian_violation
8163341,2,1,N,M,20.0,A,-,N,N,-,0,0,B,2009.0,YAMAHA,C,B,,driver,not_drinking,not_applicable,hispanic,proceeding_straight,motorcycle,2016,2016-09-09,10:02,5,Durant Av,Bowditch St,0.0,,Y,A,4,0,1,2,A,11,N,A,B,B,A,H,A,Y,,,N,0,0,1,0,1,0,0,,,ALAMEDA,BERKELEY,complaint_of_pain,head_on,pedestrian,daylight,clear,dry,no,crossing_in_crosswalk_at_intersection,Friday,pedestrian_violation
8163345,1,2,Y,F,55.0,G,G,-,-,-,0,1,L,,-,N,W,,pedestrian,not_applicable,not_applicable,,parking_maneuver,city_bus,2016,2016-09-06,07:47,2,Stuart St,Telegraph Av,0.0,,Y,A,4,0,1,3,A,11,N,G,B,B,A,H,A,Y,,,N,0,0,1,0,1,0,0,,,ALAMEDA,BERKELEY,complaint_of_pain,vehicle_pedestrian,pedestrian,daylight,clear,dry,no,crossing_in_crosswalk_at_intersection,Tuesday,pedestrian_violation
8163345,2,2,N,M,55.0,G,G,-,-,-,0,0,L,,-,N,W,,pedestrian,not_applicable,not_applicable,,parking_maneuver,city_bus,2016,2016-09-06,07:47,2,Stuart St,Telegraph Av,0.0,,Y,A,4,0,1,3,A,11,N,G,B,B,A,H,A,Y,,,N,0,0,1,0,1,0,0,,,ALAMEDA,BERKELEY,complaint_of_pain,vehicle_pedestrian,pedestrian,daylight,clear,dry,no,crossing_in_crosswalk_at_intersection,Tuesday,pedestrian_violation
8163345,3,1,N,M,48.0,A,-,-,-,-,0,0,D,2000.0,ACURA,A,O,,driver,not_drinking,not_applicable,,ran_off_road_left,passenger_car,2016,2016-09-06,07:47,2,Stuart St,Telegraph Av,0.0,,Y,A,4,0,1,3,A,11,N,G,B,B,A,H,A,Y,,,N,0,0,1,0,1,0,0,,,ALAMEDA,BERKELEY,complaint_of_pain,vehicle_pedestrian,pedestrian,daylight,clear,dry,no,crossing_in_crosswalk_at_intersection,Tuesday,pedestrian_violation
8163766,1,4,Y,M,27.0,A,-,-,N,-,0,1,B,,-,L,A,,bicyclist,not_drinking,not_applicable,white,proceeding_straight,emergency_vehicle,2016,2016-09-12,19:44,1,Shattuck Av,Shattuck Av 1550,0.0,,N,A,3,0,1,2,A,09,N,H,G,A,A,H,D,,Y,,L,0,1,0,0,0,0,1,,,ALAMEDA,BERKELEY,other_visible_injury,other,bicycle,dark_no_lights,clear,dry,no,no_pedestrian,Monday,automobile_right_of_way
8163766,2,1,N,F,50.0,A,-,M,N,-,0,0,E,2015.0,TOYOTA,A,,,driver,not_drinking,airbag,,making_right_turn,passenger_car,2016,2016-09-12,19:44,1,Shattuck Av,Shattuck Av 1550,0.0,,N,A,3,0,1,2,A,09,N,H,G,A,A,H,D,,Y,,L,0,1,0,0,0,0,1,,,ALAMEDA,BERKELEY,other_visible_injury,other,bicycle,dark_no_lights,clear,dry,no,no_pedestrian,Monday,automobile_right_of_way
8163770,1,4,Y,M,31.0,A,-,-,N,-,0,1,B,,-,L,W,,bicyclist,not_drinking,not_applicable,,proceeding_straight,emergency_vehicle,2016,2016-09-15,12:44,4,San Pablo Av,Ashby Av,0.0,,Y,A,4,0,1,2,A,05,F,D,G,A,A,H,A,,Y,,L,0,0,1,0,0,0,1,,,ALAMEDA,BERKELEY,complaint_of_pain,broadside,bicycle,daylight,clear,dry,felony,no_pedestrian,Thursday,wrong_side_of_road
8163770,2,1,N,M,,G,G,-,A,-,0,0,D,,CHEVROLET,A,B,,driver,not_applicable,not_applicable,hispanic,ran_off_road_left,passenger_car,2016,2016-09-15,12:44,4,San Pablo Av,Ashby Av,0.0,,Y,A,4,0,1,2,A,05,F,D,G,A,A,H,A,,Y,,L,0,0,1,0,0,0,1,,,ALAMEDA,BERKELEY,complaint_of_pain,broadside,bicycle,daylight,clear,dry,felony,no_pedestrian,Thursday,wrong_side_of_road
8163831,1,4,Y,M,19.0,A,-,-,N,-,0,1,D,,-,L,O,,bicyclist,not_drinking,not_applicable,,ran_off_road_left,emergency_vehicle,2016,2016-09-20,15:03,2,Spruce St,Hearst Av,66.0,N,N,A,4,0,1,2,A,08,N,D,G,A,A,H,A,,Y,,L,0,0,1,0,0,0,1,,,ALAMEDA,BERKELEY,complaint_of_pain,broadside,bicycle,daylight,clear,dry,no,no_pedestrian,Tuesday,improper_turning
8163831,2,1,N,M,21.0,A,-,M,N,-,0,0,B,2001.0,TOYOTA,A,O,,driver,not_drinking,airbag,,proceeding_straight,passenger_car,2016,2016-09-20,15:03,2,Spruce St,Hearst Av,66.0,N,N,A,4,0,1,2,A,08,N,D,G,A,A,H,A,,Y,,L,0,0,1,0,0,0,1,,,ALAMEDA,BERKELEY,complaint_of_pain,broadside,bicycle,daylight,clear,dry,no,no_pedestrian,Tuesday,improper_turning
8167848,1,1,N,M,42.0,A,-,M,N,-,0,0,E,2018.0,HONDA,A,H,,driver,not_drinking,airbag,other,making_right_turn,passenger_car,2019,2019-06-19,22:20,3,San Pablo,Parker St,0.0,,Y,A,3,0,1,2,A,05,N,D,G,A,A,H,C,,Y,,L,0,1,0,0,0,0,1,37.85911178588867,-122.2893295288086,ALAMEDA,BERKELEY,other_visible_injury,broadside,bicycle,dark_street_lights,clear,dry,no,no_pedestrian,Wednesday,wrong_side_of_road
8167848,2,4,Y,M,53.0,A,-,-,N,-,0,1,B,,-,L,B,,bicyclist,not_drinking,not_applicable,hispanic,proceeding_straight,emergency_vehicle,2019,2019-06-19,22:20,3,San Pablo,Parker St,0.0,,Y,A,3,0,1,2,A,05,N,D,G,A,A,H,C,,Y,,L,0,1,0,0,0,0,1,37.85911178588867,-122.2893295288086,ALAMEDA,BERKELEY,other_visible_injury,broadside,bicycle,dark_street_lights,clear,dry,no,no_pedestrian,Wednesday,wrong_side_of_road
8168276,1,1,Y,M,21.0,A,-,M,N,-,0,0,E,2015.0,FORD,D,B,,driver,not_drinking,airbag,hispanic,making_right_turn,pickup_truck,2016,2016-09-29,16:19,4,Shattuck Av,Berkeley Wy,0.0,,Y,A,3,0,1,2,A,10,N,G,B,B,A,H,A,Y,,,D,0,1,0,0,1,0,0,,,ALAMEDA,BERKELEY,other_visible_injury,vehicle_pedestrian,pedestrian,daylight,clear,dry,no,crossing_in_crosswalk_at_intersection,Thursday,pedestrian_right_of_way
8168276,2,2,N,F,70.0,A,-,-,N,-,0,1,B,,-,N,H,,pedestrian,not_drinking,not_applicable,other,proceeding_straight,city_bus,2016,2016-09-29,16:19,4,Shattuck Av,Berkeley Wy,0.0,,Y,A,3,0,1,2,A,10,N,G,B,B,A,H,A,Y,,,D,0,1,0,0,1,0,0,,,ALAMEDA,BERKELEY,other_visible_injury,vehicle_pedestrian,pedestrian,daylight,clear,dry,no,crossing_in_crosswalk_at_intersection,Thursday,pedestrian_right_of_way
8168962,1,1,Y,M,42.0,A,-,M,N,-,0,0,O,2005.0,TOYOTA,A,W,,driver,not_drinking,airbag,,crossed_into_opposing_lane,passenger_car,2016,2016-09-24,13:01,6,Shattuck Av,University Av,145.0,S,N,A,3,0,1,3,A,17,N,B,G,A,A,H,A,,Y,,A,0,1,0,0,0,0,1,,,ALAMEDA,BERKELEY,other_visible_injury,sideswipe,bicycle,daylight,clear,dry,no,no_pedestrian,Saturday,other_hazardous_mv
8168962,2,4,N,F,24.0,A,-,-,N,-,0,1,B,,-,L,W,,bicyclist,not_drinking,not_applicable,,proceeding_straight,emergency_vehicle,2016,2016-09-24,13:01,6,Shattuck Av,University Av,145.0,S,N,A,3,0,1,3,A,17,N,B,G,A,A,H,A,,Y,,A,0,1,0,0,0,0,1,,,ALAMEDA,BERKELEY,other_visible_injury,sideswipe,bicycle,daylight,clear,dry,no,no_pedestrian,Saturday,other_hazardous_mv
8168962,3,3,N,-,,A,-,-,N,-,0,0,O,2016.0,VOLKSWAGEN,A,,,parked_vehicle,not_drinking,not_applicable,,crossed_into_opposing_lane,passenger_car,2016,2016-09-24,13:01,6,Shattuck Av,University Av,145.0,S,N,A,3,0,1,3,A,17,N,B,G,A,A,H,A,,Y,,A,0,1,0,0,0,0,1,,,ALAMEDA,BERKELEY,other_visible_injury,sideswipe,bicycle,daylight,clear,dry,no,no_pedestrian,Saturday,other_hazardous_mv
8168970,1,1,Y,M,19.0,A,-,M,N,-,0,0,B,2000.0,FORD,A,W,,driver,not_drinking,airbag,,proceeding_straight,passenger_car,2016,2016-09-25,17:55,7,Derby St,Telegraph Av,8.0,E,N,A,4,0,1,2,A,03,N,C,G,A,A,H,A,,Y,,A,0,0,1,0,0,0,1,,,ALAMEDA,BERKELEY,complaint_of_pain,rear_end,bicycle,daylight,clear,dry,no,no_pedestrian,Sunday,unsafe_speed
8168970,2,4,N,F,36.0,A,-,-,N,-,0,1,A,,-,L,W,,bicyclist,not_drinking,not_applicable,,stopped,emergency_vehicle,2016,2016-09-25,17:55,7,Derby St,Telegraph Av,8.0,E,N,A,4,0,1,2,A,03,N,C,G,A,A,H,A,,Y,,A,0,0,1,0,0,0,1,,,ALAMEDA,BERKELEY,complaint_of_pain,rear_end,bicycle,daylight,clear,dry,no,no_pedestrian,Sunday,unsafe_speed
8168978,1,2,Y,M,73.0,D,-,-,F,N,1,0,B,,-,N,W,K,pedestrian,impairment_unknown,not_applicable,,proceeding_straight,city_bus,2016,2016-09-27,19:59,2,University Av,Shattuck Av,312.0,W,N,A,1,1,0,2,A,11,N,D,B,C,A,H,C,Y,,Y,N,0,0,0,1,0,0,0,,,ALAMEDA,BERKELEY,fatal,broadside,pedestrian,dark_street_lights,clear,dry,no,crossing_in_crosswalk_not_at_intersection,Tuesday,pedestrian_violation
8168978,2,1,N,M,31.0,A,-,M,N,-,0,0,B,2015.0,CHRYSLER,A,B,,driver,not_drinking,airbag,hispanic,proceeding_straight,passenger_car,2016,2016-09-27,19:59,2,University Av,Shattuck Av,312.0,W,N,A,1,1,0,2,A,11,N,D,B,C,A,H,C,Y,,Y,N,0,0,0,1,0,0,0,,,ALAMEDA,BERKELEY,fatal,broadside,pedestrian,dark_street_lights,clear,dry,no,crossing_in_crosswalk_not_at_intersection,Tuesday,pedestrian_violation
8169007,1,1,Y,M,48.0,A,-,M,N,-,0,0,G,2012.0,VOLKSWAGEN,A,W,,driver,not_drinking,airbag,,making_U_turn,passenger_car,2016,2016-09-30,17:20,5,Dana St,Dwight Wy,15.0,S,N,A,4,0,1,2,A,21,N,H,B,D,A,G,A,Y,,,A,0,0,1,0,1,0,0,,,ALAMEDA,BERKELEY,complaint_of_pain,other,pedestrian,daylight,clear,dry,no,crossing_not_in_crosswalk,Friday,unsafe_speed
8169007,2,2,N,M,29.0,A,-,-,N,-,0,1,R,,-,N,W,,pedestrian,not_drinking,not_applicable,,traveling_wrong_way,city_bus,2016,2016-09-30,17:20,5,Dana St,Dwight Wy,15.0,S,N,A,4,0,1,2,A,21,N,H,B,D,A,G,A,Y,,,A,0,0,1,0,1,0,0,,,ALAMEDA,BERKELEY,complaint_of_pain,other,pedestrian,daylight,clear,dry,no,crossing_not_in_crosswalk,Friday,unsafe_speed
8169025,1,2,Y,F,66.0,D,-,-,N,-,0,1,A,,-,N,W,,pedestrian,impairment_unknown,not_applicable,,stopped,city_bus,2016,2016-09-29,20:41,4,Hopkins St,Napa St,135.0,W,N,A,3,0,1,2,A,11,N,G,B,E,A,G,C,Y,,Y,N,0,1,0,0,1,0,0,,,ALAMEDA,BERKELEY,other_visible_injury,vehicle_pedestrian,pedestrian,dark_street_lights,clear,dry,no,in_road_includes_shoulder,Thursday,pedestrian_violation
8169025,2,1,N,M,84.0,A,-,M,A,-,0,0,B,2013.0,TOYOTA,A,W,,driver,not_drinking,airbag,,proceeding_straight,passenger_car,2016,2016-09-29,20:41,4,Hopkins St,Napa St,135.0,W,N,A,3,0,1,2,A,11,N,G,B,E,A,G,C,Y,,Y,N,0,1,0,0,1,0,0,,,ALAMEDA,BERKELEY,other_visible_injury,vehicle_pedestrian,pedestrian,dark_street_lights,clear,dry,no,in_road_includes_shoulder,Thursday,pedestrian_violation
8169029,1,4,Y,M,30.0,A,-,-,N,-,0,1,M,,-,L,W,,bicyclist,not_drinking,not_applicable,,entering_traffic,emergency_vehicle,2016,2016-09-30,16:04,5,Oxford St,Allston Wy,0.0,,Y,A,4,0,1,2,A,05,N,D,G,A,A,H,A,,Y,,L,0,0,1,0,0,0,1,,,ALAMEDA,BERKELEY,complaint_of_pain,broadside,bicycle,daylight,clear,dry,no,no_pedestrian,Friday,wrong_side_of_road
8169029,2,1,N,F,21.0,A,-,M,N,-,0,0,B,2006.0,JEEP,A,H,,driver,not_drinking,airbag,other,proceeding_straight,passenger_car,2016,2016-09-30,16:04,5,Oxford St,Allston Wy,0.0,,Y,A,4,0,1,2,A,05,N,D,G,A,A,H,A,,Y,,L,0,0,1,0,0,0,1,,,ALAMEDA,BERKELEY,complaint_of_pain,broadside,bicycle,daylight,clear,dry,no,no_pedestrian,Friday,wrong_side_of_road
8173111,1,4,Y,M,52.0,A,-,-,G,-,0,1,B,,-,L,H,,bicyclist,not_drinking,not_applicable,other,proceeding_straight,emergency_vehicle,2016,2016-09-09,12:24,5,Ashby Av,Ashby Pl,0.0,,Y,A,3,0,1,2,A,06,N,D,G,A,A,H,A,,Y,,L,0,1,0,0,0,0,1,,,ALAMEDA,BERKELEY,other_visible_injury,broadside,bicycle,daylight,clear,dry,no,no_pedestrian,Friday,improper_passing
8173111,2,1,N,F,19.0,A,-,M,G,-,0,0,B,2015.0,SUBARU,A,W,,driver,not_drinking,airbag,,proceeding_straight,passenger_car,2016,2016-09-09,12:24,5,Ashby Av,Ashby Pl,0.0,,Y,A,3,0,1,2,A,06,N,D,G,A,A,H,A,,Y,,L,0,1,0,0,0,0,1,,,ALAMEDA,BERKELEY,other_visible_injury,broadside,bicycle,daylight,clear,dry,no,no_pedestrian,Friday,improper_passing
8195408,1,2,Y,F,15.0,A,-,-,A,-,0,1,R,,-,N,B,,pedestrian,not_drinking,not_applicable,hispanic,traveling_wrong_way,city_bus,2016,2016-11-02,07:35,3,Martin Luther King Jr Wy,Russell Av,0.0,,Y,A,3,0,1,2,A,11,N,D,B,B,A,H,A,Y,,,N,0,1,0,0,1,0,0,37.85613,-122.27128,ALAMEDA,BERKELEY,other_visible_injury,broadside,pedestrian,daylight,clear,dry,no,crossing_in_crosswalk_at_intersection,Wednesday,pedestrian_violation
8195408,2,1,N,M,38.0,A,-,M,N,-,0,0,B,2007.0,DODGE,A,W,,driver,not_drinking,airbag,,proceeding_straight,passenger_car,2016,2016-11-02,07:35,3,Martin Luther King Jr Wy,Russell Av,0.0,,Y,A,3,0,1,2,A,11,N,D,B,B,A,H,A,Y,,,N,0,1,0,0,1,0,0,37.85613,-122.27128,ALAMEDA,BERKELEY,other_visible_injury,broadside,pedestrian,daylight,clear,dry,no,crossing_in_crosswalk_at_intersection,Wednesday,pedestrian_violation
8195412,1,1,Y,M,34.0,A,-,M,-,-,0,0,B,2014.0,TOYOTA,A,O,,driver,not_drinking,airbag,,proceeding_straight,passenger_car,2016,2016-11-05,16:57,6,9Th St,Dwight Wy,0.0,,Y,A,4,0,1,2,A,09,N,D,G,A,A,H,A,,Y,,A,0,0,1,0,0,0,1,37.86064,-122.29182,ALAMEDA,BERKELEY,complaint_of_pain,broadside,bicycle,daylight,clear,dry,no,no_pedestrian,Saturday,automobile_right_of_way
8195412,2,4,N,M,36.0,A,-,-,-,-,0,1,B,,-,L,W,,bicyclist,not_drinking,not_applicable,,proceeding_straight,emergency_vehicle,2016,2016-11-05,16:57,6,9Th St,Dwight Wy,0.0,,Y,A,4,0,1,2,A,09,N,D,G,A,A,H,A,,Y,,A,0,0,1,0,0,0,1,37.86064,-122.29182,ALAMEDA,BERKELEY,complaint_of_pain,broadside,bicycle,daylight,clear,dry,no,no_pedestrian,Saturday,automobile_right_of_way
8195416,1,1,Y,M,39.0,A,-,M,N,-,0,0,B,1999.0,JEEP,A,B,,driver,not_drinking,airbag,hispanic,proceeding_straight,passenger_car,2016,2016-11-06,19:24,7,Blake,Martin Luther King Jr,0.0,,Y,A,4,0,1,2,A,10,N,G,B,B,A,H,C,Y,,,A,0,0,1,0,1,0,0,37.86245,-122.272,ALAMEDA,BERKELEY,complaint_of_pain,vehicle_pedestrian,pedestrian,dark_street_lights,clear,dry,no,crossing_in_crosswalk_at_intersection,Sunday,pedestrian_right_of_way
8195416,2,2,N,F,19.0,A,-,-,N,-,0,1,B,,-,N,H,,pedestrian,not_drinking,not_applicable,other,proceeding_straight,city_bus,2016,2016-11-06,19:24,7,Blake,Martin Luther King Jr,0.0,,Y,A,4,0,1,2,A,10,N,G,B,B,A,H,C,Y,,,A,0,0,1,0,1,0,0,37.86245,-122.272,ALAMEDA,BERKELEY,complaint_of_pain,vehicle_pedestrian,pedestrian,dark_street_lights,clear,dry,no,crossing_in_crosswalk_at_intersection,Sunday,pedestrian_right_of_way
8195420,1,1,Y,F,24.0,A,-,M,N,-,0,0,B,2017.0,MITSUBISHI,A,W,,driver,not_drinking,airbag,,proceeding_straight,passenger_car,2016,2016-11-08,21:23,2,Addison St,Oxford St,0.0,,Y,A,4,0,1,3,A,10,N,G,B,B,A,H,C,Y,,,A,0,0,1,0,1,0,0,37.87146,-122.26597,ALAMEDA,BERKELEY,complaint_of_pain,vehicle_pedestrian,pedestrian,dark_street_lights,clear,dry,no,crossing_in_crosswalk_at_intersection,Tuesday,pedestrian_right_of_way
8195420,2,1,N,F,20.0,A,-,M,A,-,0,0,B,2007.0,TOYOTA,A,W,,driver,not_drinking,airbag,,proceeding_straight,passenger_car,2016,2016-11-08,21:23,2,Addison St,Oxford St,0.0,,Y,A,4,0,1,3,A,10,N,G,B,B,A,H,C,Y,,,A,0,0,1,0,1,0,0,37.87146,-122.26597,ALAMEDA,BERKELEY,complaint_of_pain,vehicle_pedestrian,pedestrian,dark_street_lights,clear,dry,no,crossing_in_crosswalk_at_intersection,Tuesday,pedestrian_right_of_way
8195420,3,2,N,M,24.0,A,-,-,N,-,0,1,B,,-,N,,,pedestrian,not_drinking,not_applicable,,proceeding_straight,city_bus,2016,2016-11-08,21:23,2,Addison St,Oxford St,0.0,,Y,A,4,0,1,3,A,10,N,G,B,B,A,H,C,Y,,,A,0,0,1,0,1,0,0,37.87146,-122.26597,ALAMEDA,BERKELEY,complaint_of_pain,vehicle_pedestrian,pedestrian,dark_street_lights,clear,dry,no,crossing_in_crosswalk_at_intersection,Tuesday,pedestrian_right_of_way
8195424,1,4,Y,M,12.0,A,-,-,A,-,0,1,A,,-,L,W,,bicyclist,not_drinking,not_applicable,,stopped,emergency_vehicle,2016,2016-11-10,08:28,4,Shattuck Av,Stuart St,0.0,,Y,A,4,0,1,2,A,09,N,D,G,A,-,H,A,,Y,,L,0,0,1,0,0,0,1,,,ALAMEDA,BERKELEY,complaint_of_pain,broadside,bicycle,daylight,clear,,no,no_pedestrian,Thursday,automobile_right_of_way
8195424,2,1,N,F,76.0,A,-,M,N,-,0,0,B,1988.0,TOYOTA,A,,,driver,not_drinking,airbag,,proceeding_straight,passenger_car,2016,2016-11-10,08:28,4,Shattuck Av,Stuart St,0.0,,Y,A,4,0,1,2,A,09,N,D,G,A,-,H,A,,Y,,L,0,0,1,0,0,0,1,,,ALAMEDA,BERKELEY,complaint_of_pain,broadside,bicycle,daylight,clear,,no,no_pedestrian,Thursday,automobile_right_of_way
8195428,1,4,Y,M,21.0,G,G,P,N,-,0,1,M,,FORD,L,W,,bicyclist,not_applicable,,,entering_traffic,emergency_vehicle,2016,2016-11-14,19:45,1,University,Mcgee Av,148.0,E,N,A,3,0,1,2,A,08,N,G,G,A,A,H,C,,Y,,L,0,1,0,0,0,0,1,37.87097,-122.2775,ALAMEDA,BERKELEY,other_visible_injury,vehicle_pedestrian,bicycle,dark_street_lights,clear,dry,no,no_pedestrian,Monday,improper_turning
8195428,2,1,N,M,40.0,A,-,M,N,-,0,0,B,2014.0,FORD,A,W,,driver,not_drinking,airbag,,proceeding_straight,passenger_car,2016,2016-11-14,19:45,1,University,Mcgee Av,148.0,E,N,A,3,0,1,2,A,08,N,G,G,A,A,H,C,,Y,,L,0,1,0,0,0,0,1,37.87097,-122.2775,ALAMEDA,BERKELEY,other_visible_injury,vehicle_pedestrian,bicycle,dark_street_lights,clear,dry,no,no_pedestrian,Monday,improper_turning
8199548,1,4,N,M,18.0,A,-,-,N,-,0,1,B,,-,L,O,,bicyclist,not_drinking,not_applicable,,proceeding_straight,emergency_vehicle,2016,2016-06-11,15:23,6,San Pablo Av,Portland,134.0,N,N,B,4,0,1,2,A,00,N,D,G,A,A,H,A,,Y,,A,0,0,1,0,0,0,1,,,ALAMEDA,ALBANY,complaint_of_pain,broadside,bicycle,daylight,cloudy,dry,no,no_pedestrian,Saturday,unknown
8199548,2,1,Y,F,43.0,A,-,M,N,-,0,0,L,2008.0,HONDA,A,O,,driver,not_drinking,airbag,,parking_maneuver,passenger_car,2016,2016-06-11,15:23,6,San Pablo Av,Portland,134.0,N,N,B,4,0,1,2,A,00,N,D,G,A,A,H,A,,Y,,A,0,0,1,0,0,0,1,,,ALAMEDA,ALBANY,complaint_of_pain,broadside,bicycle,daylight,cloudy,dry,no,no_pedestrian,Saturday,unknown
8199572,1,1,Y,M,44.0,A,-,M,A,N,0,0,O,2008.0,FORD,A,,,driver,not_drinking,airbag,,crossed_into_opposing_lane,passenger_car,2016,2016-07-26,18:57,2,Santa Fe,Utility Pole #110279154,6.0,S,N,A,3,0,1,2,A,17,N,H,G,A,A,H,A,,Y,,A,0,1,0,0,0,0,1,,,ALAMEDA,ALBANY,other_visible_injury,other,bicycle,daylight,clear,dry,no,no_pedestrian,Tuesday,other_hazardous_mv
8199572,2,4,N,M,59.0,A,-,-,-,-,0,1,-,,-,L,W,,bicyclist,not_drinking,not_applicable,,unknown,emergency_vehicle,2016,2016-07-26,18:57,2,Santa Fe,Utility Pole #110279154,6.0,S,N,A,3,0,1,2,A,17,N,H,G,A,A,H,A,,Y,,A,0,1,0,0,0,0,1,,,ALAMEDA,ALBANY,other_visible_injury,other,bicycle,daylight,clear,dry,no,no_pedestrian,Tuesday,other_hazardous_mv
8200133,1,2,Y,M,12.0,A,-,-,A,F,0,1,-,,-,N,W,K,pedestrian,not_drinking,not_applicable,,unknown,city_bus,2016,2016-11-08,16:34,2,Solano,Ordway St,0.0,,Y,A,4,0,1,2,A,00,N,G,B,B,A,G,A,Y,,,N,0,0,1,0,1,0,0,,,ALAMEDA,ALBANY,complaint_of_pain,vehicle_pedestrian,pedestrian,daylight,clear,dry,no,crossing_in_crosswalk_at_intersection,Tuesday,unknown
8200133,2,1,N,F,66.0,A,-,M,E,-,0,0,B,2007.0,SUBARU,A,W,,driver,not_drinking,airbag,,proceeding_straight,passenger_car,2016,2016-11-08,16:34,2,Solano,Ordway St,0.0,,Y,A,4,0,1,2,A,00,N,G,B,B,A,G,A,Y,,,N,0,0,1,0,1,0,0,,,ALAMEDA,ALBANY,complaint_of_pain,vehicle_pedestrian,pedestrian,daylight,clear,dry,no,crossing_in_crosswalk_at_intersection,Tuesday,unknown
8201771,1,4,Y,M,18.0,A,-,-,A,N,0,1,B,,-,L,W,,bicyclist,not_drinking,not_applicable,,proceeding_straight,emergency_vehicle,2016,2016-08-24,18:39,3,Sonoma,Peralta,0.0,,Y,A,3,0,1,2,A,12,N,H,G,A,A,H,A,,Y,,L,0,1,0,0,0,0,1,,,ALAMEDA,ALBANY,other_visible_injury,other,bicycle,daylight,clear,dry,no,no_pedestrian,Wednesday,traffic_signals
8201771,2,1,N,F,41.0,A,-,M,N,-,0,0,B,2015.0,NISSAN,A,W,,driver,not_drinking,airbag,,proceeding_straight,passenger_car,2016,2016-08-24,18:39,3,Sonoma,Peralta,0.0,,Y,A,3,0,1,2,A,12,N,H,G,A,A,H,A,,Y,,L,0,1,0,0,0,0,1,,,ALAMEDA,ALBANY,other_visible_injury,other,bicycle,daylight,clear,dry,no,no_pedestrian,Wednesday,traffic_signals
8201814,1,4,Y,F,18.0,A,-,-,A,-,0,1,-,,-,L,O,,bicyclist,not_drinking,not_applicable,,unknown,emergency_vehicle,2016,2016-08-03,14:08,3,San Pablo Av,San Pablo Av 400,0.0,,-,A,4,0,1,2,A,05,N,H,G,A,A,H,A,,Y,,L,0,0,1,0,0,0,1,,,ALAMEDA,ALBANY,complaint_of_pain,other,bicycle,daylight,clear,dry,no,no_pedestrian,Wednesday,wrong_side_of_road
8201814,2,1,N,F,51.0,A,-,M,N,-,0,0,L,2008.0,HONDA,A,B,,driver,not_drinking,airbag,hispanic,parking_maneuver,passenger_car,2016,2016-08-03,14:08,3,San Pablo Av,San Pablo Av 400,0.0,,-,A,4,0,1,2,A,05,N,H,G,A,A,H,A,,Y,,L,0,0,1,0,0,0,1,,,ALAMEDA,ALBANY,complaint_of_pain,other,bicycle,daylight,clear,dry,no,no_pedestrian,Wednesday,wrong_side_of_road
8203192,1,1,Y,M,47.0,A,-,M,N,-,0,0,B,2008.0,HONDA,A,A,,driver,not_drinking,airbag,white,proceeding_straight,passenger_car,2016,2016-09-04,21:10,7,San Pablo,Washington,0.0,,Y,A,3,0,1,2,A,10,N,G,B,B,A,H,A,Y,,,A,0,1,0,0,1,0,0,,,ALAMEDA,ALBANY,other_visible_injury,vehicle_pedestrian,pedestrian,daylight,clear,dry,no,crossing_in_crosswalk_at_intersection,Sunday,pedestrian_right_of_way
8203192,2,2,N,M,20.0,A,-,-,F,-,0,1,-,,-,N,W,-,pedestrian,not_drinking,not_applicable,,unknown,city_bus,2016,2016-09-04,21:10,7,San Pablo,Washington,0.0,,Y,A,3,0,1,2,A,10,N,G,B,B,A,H,A,Y,,,A,0,1,0,0,1,0,0,,,ALAMEDA,ALBANY,other_visible_injury,vehicle_pedestrian,pedestrian,daylight,clear,dry,no,crossing_in_crosswalk_at_intersection,Sunday,pedestrian_right_of_way
8203193,1,1,Y,M,20.0,A,-,M,N,-,0,0,D,2013.0,TOYOTA,A,W,,driver,not_drinking,airbag,,ran_off_road_left,passenger_car,2016,2016-10-31,18:30,1,San Pablo,Monroe Av,0.0,N,N,C,2,0,1,2,A,09,N,D,G,A,B,H,B,,Y,,A,1,0,0,0,0,0,1,,,ALAMEDA,ALBANY,severe_injury,broadside,bicycle,dusk_dawn,raining,wet,no,no_pedestrian,Monday,automobile_right_of_way
8203193,2,4,N,M,21.0,A,-,-,F,-,0,1,D,,-,L,H,K,bicyclist,not_drinking,not_applicable,other,ran_off_road_left,emergency_vehicle,2016,2016-10-31,18:30,1,San Pablo,Monroe Av,0.0,N,N,C,2,0,1,2,A,09,N,D,G,A,B,H,B,,Y,,A,1,0,0,0,0,0,1,,,ALAMEDA,ALBANY,severe_injury,broadside,bicycle,dusk_dawn,raining,wet,no,no_pedestrian,Monday,automobile_right_of_way