case_id,party_number,party_type,at_fault,party_sex,party_age,party_sobriety,party_drug_physical,party_safety_equip_1,oaf_1,oaf_2,party_number_killed,party_number_injured,move_pre_acc,vehicle_year,vehicle_make,stwd_vehicle_type,race,inattention,party_type_label,sobriety_label,safety_equip_label,race_label,move_pre_acc_label,vehicle_type_label,accident_year,collision_date,collision_time,day_of_week,primary_rd,secondary_rd,distance,direction,intersection,weather_1,collision_severity,number_killed,number_injured,party_count,primary_coll_factor,pcf_viol_category,hit_and_run,type_of_collision,mviw,ped_action,road_surface,road_cond_1,lighting,pedestrian_accident,bicycle_accident,alcohol_involved,stwd_vehtype_at_fault,count_severe_inj,count_visible_inj,count_complaint_pain,count_ped_killed,count_ped_injured,count_bicyclist_killed,count_bicyclist_injured,latitude,longitude,county,city,severity_label,collision_type_label,mviw_label,lighting_label,weather_label,road_surface_label,hit_and_run_label,ped_action_label,day_of_week_label,pcf_category_label
8543285,2,1,N,M,41.0,A,-,M,-,-,0,0,B,2002.0,MERCEDES-BENZ,A,A,,driver,not_drinking,airbag,white,proceeding_straight,passenger_car,2017,2017-10-31,21:35,2,Ashby Av,Claremont Av,40.0,W,N,A,3,0,1,2,A,11,N,G,B,D,A,H,C,Y,,,N,0,1,0,0,1,0,0,37.85901,-122.24458,ALAMEDA,BERKELEY,other_visible_injury,vehicle_pedestrian,pedestrian,dark_street_lights,clear,dry,no,crossing_not_in_crosswalk,Tuesday,pedestrian_violation
8543326,1,1,Y,M,,G,G,-,N,-,0,0,B,,HONDA,-,H,,driver,not_applicable,not_applicable,other,proceeding_straight,,2017,2017-10-20,15:30,5,Ashby Av,Shattuck Av,70.0,W,N,A,4,0,1,2,A,03,F,C,G,A,A,H,A,,Y,,-,0,0,1,0,0,0,1,37.85518,-122.26738,ALAMEDA,BERKELEY,complaint_of_pain,rear_end,bicycle,daylight,clear,dry,felony,no_pedestrian,Friday,unsafe_speed
8543326,2,4,N,M,43.0,A,-,-,N,-,0,1,B,,-,L,O,,bicyclist,not_drinking,not_applicable,,proceeding_straight,emergency_vehicle,2017,2017-10-20,15:30,5,Ashby Av,Shattuck Av,70.0,W,N,A,4,0,1,2,A,03,F,C,G,A,A,H,A,,Y,,-,0,0,1,0,0,0,1,37.85518,-122.26738,ALAMEDA,BERKELEY,complaint_of_pain,rear_end,bicycle,daylight,clear,dry,felony,no_pedestrian,Friday,unsafe_speed
8544672,1,1,N,M,60.0,A,-,M,N,-,0,0,B,2010.0,TOYOTA,A,W,,driver,not_drinking,airbag,,proceeding_straight,passenger_car,2017,2017-10-11,15:02,3,Martin Luther King Jr Wy,Allston,0.0,,Y,A,3,0,1,2,D,00,N,B,G,A,A,H,A,,Y,,-,0,1,0,0,0,0,1,37.86877,-122.2727,ALAMEDA,BERKELEY,other_visible_injury,sideswipe,bicycle,daylight,clear,dry,no,no_pedestrian,Wednesday,unknown
8544672,2,4,N,M,70.0,A,-,-,N,-,0,1,B,,-,L,W,,bicyclist,not_drinking,not_applicable,,proceeding_straight,emergency_vehicle,2017,2017-10-11,15:02,3,Martin Luther King Jr Wy,Allston,0.0,,Y,A,3,0,1,2,D,00,N,B,G,A,A,H,A,,Y,,-,0,1,0,0,0,0,1,37.86877,-122.2727,ALAMEDA,BERKELEY,other_visible_injury,sideswipe,bicycle,daylight,clear,dry,no,no_pedestrian,Wednesday,unknown
8544692,1,1,Y,F,34.0,A,-,M,E,-,0,0,A,2017.0,CHEVROLET,A,A,,driver,not_drinking,airbag,white,stopped,passenger_car,2017,2017-10-03,16:51,2,Shattuck Av,Virginia,0.0,,Y,A,4,0,1,2,A,10,N,G,B,B,A,H,B,Y,,,A,0,0,1,0,1,0,0,37.8766,-122.2689,ALAMEDA,BERKELEY,complaint_of_pain,vehicle_pedestrian,pedestrian,dusk_dawn,clear,dry,no,crossing_in_crosswalk_at_intersection,Tuesday,pedestrian_right_of_way
8544692,2,2,N,F,21.0,A,-,-,N,-,0,1,B,,-,N,A,,pedestrian,not_drinking,not_applicable,white,proceeding_straight,city_bus,2017,2017-10-03,16:51,2,Shattuck Av,Virginia,0.0,,Y,A,4,0,1,2,A,10,N,G,B,B,A,H,B,Y,,,A,0,0,1,0,1,0,0,37.8766,-122.2689,ALAMEDA,BERKELEY,complaint_of_pain,vehicle_pedestrian,pedestrian,dusk_dawn,clear,dry,no,crossing_in_crosswalk_at_intersection,Tuesday,pedestrian_right_of_way
8544716,1,4,N,M,34.0,A,-,-,-,-,0,1,B,,-,L,W,,bicyclist,not_drinking,not_applicable,,proceeding_straight,emergency_vehicle,2017,2017-11-22,17:44,3,Hearst Av,Le Conte,0.0,,Y,A,4,0,1,2,-,- ,N,B,G,A,A,H,C,,Y,,-,0,0,1,0,0,0,1,37.9746,-122.26396,ALAMEDA,BERKELEY,complaint_of_pain,sideswipe,bicycle,dark_street_lights,clear,dry,no,no_pedestrian,Wednesday,
8544716,2,1,N,F,24.0,A,-,M,-,-,0,0,B,2010.0,BMW,A,A,,driver,not_drinking,airbag,white,proceeding_straight,passenger_car,2017,2017-11-22,17:44,3,Hearst Av,Le Conte,0.0,,Y,A,4,0,1,2,-,- ,N,B,G,A,A,H,C,,Y,,-,0,0,1,0,0,0,1,37.9746,-122.26396,ALAMEDA,BERKELEY,complaint_of_pain,sideswipe,bicycle,dark_street_lights,clear,dry,no,no_pedestrian,Wednesday,
8545576,1,1,Y,F,50.0,A,-,M,N,-,0,0,A,2005.0,CHRYSLER,A,B,,driver,not_drinking,airbag,hispanic,stopped,passenger_car,2017,2017-09-13,08:59,3,Sacramento,Russell St,125.0,S,N,B,3,0,1,2,A,17,N,E,G,A,B,H,A,,Y,,A,0,1,0,0,0,0,1,37.85418,-122.27921,ALAMEDA,BERKELEY,other_visible_injury,hit_object,bicycle,daylight,cloudy,wet,no,no_pedestrian,Wednesday,other_hazardous_mv
8545576,2,4,N,M,26.0,A,-,-,N,-,0,1,B,,-,L,H,,bicyclist,not_drinking,not_applicable,other,proceeding_straight,emergency_vehicle,2017,2017-09-13,08:59,3,Sacramento,Russell St,125.0,S,N,B,3,0,1,2,A,17,N,E,G,A,B,H,A,,Y,,A,0,1,0,0,0,0,1,37.85418,-122.27921,ALAMEDA,BERKELEY,other_visible_injury,hit_object,bicycle,daylight,cloudy,wet,no,no_pedestrian,Wednesday,other_hazardous_mv
8546056,1,4,Y,M,22.0,A,-,-,A,-,0,1,E,,-,L,O,,bicyclist,not_drinking,not_applicable,,making_right_turn,emergency_vehicle,2017,2017-11-06,13:30,1,Ashby Av,San Pablo Av,0.0,,Y,A,3,0,1,2,A,08,N,D,G,A,A,H,A,,Y,,L,0,1,0,0,0,0,1,37.85215,-122.28668,ALAMEDA,BERKELEY,other_visible_injury,broadside,bicycle,daylight,clear,dry,no,no_pedestrian,Monday,improper_turning
8546056,2,1,N,F,80.0,A,-,M,-,-,0,0,B,2013.0,LEXUS,A,W,,driver,not_drinking,airbag,,proceeding_straight,passenger_car,2017,2017-11-06,13:30,1,Ashby Av,San Pablo Av,0.0,,Y,A,3,0,1,2,A,08,N,D,G,A,A,H,A,,Y,,L,0,1,0,0,0,0,1,37.85215,-122.28668,ALAMEDA,BERKELEY,other_visible_injury,broadside,bicycle,daylight,clear,dry,no,no_pedestrian,Monday,improper_turning
8551850,1,1,Y,M,28.0,D,-,N,A,-,0,0,B,1984.0,TOYOTA,D,W,,driver,impairment_unknown,not_applicable,,proceeding_straight,pickup_truck,2017,2017-12-18,23:32,1,San Pablo,Haskell St,0.0,,Y,A,2,0,1,2,A,10,F,G,B,B,A,H,C,Y,,Y,D,1,0,0,0,1,0,0,37.85051,-122.28625,ALAMEDA,BERKELEY,severe_injury,vehicle_pedestrian,pedestrian,dark_street_lights,clear,dry,felony,crossing_in_crosswalk_at_intersection,Monday,pedestrian_right_of_way
8551850,2,2,N,F,30.0,-,F,-,M,-,0,1,R,,-,N,B,,pedestrian,unknown,not_applicable,hispanic,traveling_wrong_way,city_bus,2017,2017-12-18,23:32,1,San Pablo,Haskell St,0.0,,Y,A,2,0,1,2,A,10,F,G,B,B,A,H,C,Y,,Y,D,1,0,0,0,1,0,0,37.85051,-122.28625,ALAMEDA,BERKELEY,severe_injury,vehicle_pedestrian,pedestrian,dark_street_lights,clear,dry,felony,crossing_in_crosswalk_at_intersection,Monday,pedestrian_right_of_way
8551862,1,1,Y,M,49.0,A,-,M,E,-,0,0,E,1993.0,DODGE,D,W,,driver,not_drinking,airbag,,making_right_turn,pickup_truck,2017,2017-12-20,16:09,3,7Th,Heinz,0.0,,Y,A,4,0,1,2,A,10,N,G,B,B,A,H,B,Y,,,D,0,0,1,0,1,0,0,37.85348,-122.29189,ALAMEDA,BERKELEY,complaint_of_pain,vehicle_pedestrian,pedestrian,dusk_dawn,clear,dry,no,crossing_in_crosswalk_at_intersection,Wednesday,pedestrian_right_of_way
8551862,2,2,N,F,35.0,A,-,-,N,-,0,1,B,,-,N,W,,pedestrian,not_drinking,not_applicable,,proceeding_straight,city_bus,2017,2017-12-20,16:09,3,7Th,Heinz,0.0,,Y,A,4,0,1,2,A,10,N,G,B,B,A,H,B,Y,,,D,0,0,1,0,1,0,0,37.85348,-122.29189,ALAMEDA,BERKELEY,complaint_of_pain,vehicle_pedestrian,pedestrian,dusk_dawn,clear,dry,no,crossing_in_crosswalk_at_intersection,Wednesday,pedestrian_right_of_way
8552263,1,1,Y,M,48.0,A,-,M,N,-,0,0,A,2017.0,CHEVROLET,A,H,,driver,not_drinking,airbag,other,stopped,passenger_car,2017,2017-12-28,08:52,4,Addison,Acton,0.0,,Y,A,3,0,1,2,A,10,N,G,B,B,A,H,B,Y,,,A,0,1,0,0,1,0,0,37.86915,-122.28409,ALAMEDA,BERKELEY,other_visible_injury,vehicle_pedestrian,pedestrian,dusk_dawn,clear,dry,no,crossing_in_crosswalk_at_intersection,Thursday,pedestrian_right_of_way
8552263,2,2,N,F,55.0,A,-,-,N,-,0,1,B,,-,N,B,,pedestrian,not_drinking,not_applicable,hispanic,proceeding_straight,city_bus,2017,2017-12-28,08:52,4,Addison,Acton,0.0,,Y,A,3,0,1,2,A,10,N,G,B,B,A,H,B,Y,,,A,0,1,0,0,1,0,0,37.86915,-122.28409,ALAMEDA,BERKELEY,other_visible_injury,vehicle_pedestrian,pedestrian,dusk_dawn,clear,dry,no,crossing_in_crosswalk_at_intersection,Thursday,pedestrian_right_of_way
8552267,1,1,Y,-,,G,G,-,N,-,0,0,R,,-,-,,,driver,not_applicable,not_applicable,,traveling_wrong_way,,2017,2017-12-27,06:40,3,University,Acton,0.0,,Y,A,4,0,1,2,A,10,N,D,B,B,A,H,C,Y,,,-,0,0,1,0,1,0,0,37.87011,-122.28425,ALAMEDA,BERKELEY,complaint_of_pain,broadside,pedestrian,dark_street_lights,clear,dry,no,crossing_in_crosswalk_at_intersection,Wednesday,pedestrian_right_of_way
8552267,2,2,N,F,64.0,A,-,-,N,-,0,1,B,,-,N,A,,pedestrian,not_drinking,not_applicable,white,proceeding_straight,city_bus,2017,2017-12-27,06:40,3,University,Acton,0.0,,Y,A,4,0,1,2,A,10,N,D,B,B,A,H,C,Y,,,-,0,0,1,0,1,0,0,37.87011,-122.28425,ALAMEDA,BERKELEY,complaint_of_pain,broadside,pedestrian,dark_street_lights,clear,dry,no,crossing_in_crosswalk_at_intersection,Wednesday,pedestrian_right_of_way
8552279,1,1,Y,M,,G,G,-,-,-,0,0,E,,TOYOTA,-,W,,driver,not_applicable,not_applicable,,making_right_turn,,2017,2017-12-20,07:40,3,Hopkins,Monterey,0.0,,Y,B,4,0,1,2,A,10,F,G,B,B,B,H,A,Y,,,-,0,0,1,0,1,0,0,37.88168,-122.28193,ALAMEDA,BERKELEY,complaint_of_pain,vehicle_pedestrian,pedestrian,daylight,cloudy,wet,felony,crossing_in_crosswalk_at_intersection,Wednesday,pedestrian_right_of_way
8552279,2,2,N,M,46.0,A,-,-,-,-,0,1,-,,-,N,W,,pedestrian,not_drinking,not_applicable,,unknown,city_bus,2017,2017-12-20,07:40,3,Hopkins,Monterey,0.0,,Y,B,4,0,1,2,A,10,F,G,B,B,B,H,A,Y,,,-,0,0,1,0,1,0,0,37.88168,-122.28193,ALAMEDA,BERKELEY,complaint_of_pain,vehicle_pedestrian,pedestrian,daylight,cloudy,wet,felony,crossing_in_crosswalk_at_intersection,Wednesday,pedestrian_right_of_way
8552291,1,2,N,F,34.0,A,-,-,N,-,0,1,B,,-,N,B,,pedestrian,not_drinking,not_applicable,hispanic,proceeding_straight,city_bus,2017,2017-12-18,08:40,1,Gilman,9Th St,4.0,N,N,A,4,0,1,2,A,10,F,G,B,B,A,H,A,Y,,,-,0,0,1,0,1,0,0,,,ALAMEDA,BERKELEY,complaint_of_pain,vehicle_pedestrian,pedestrian,daylight,clear,dry,felony,crossing_in_crosswalk_at_intersection,Monday,pedestrian_right_of_way
8552291,2,1,Y,F,,G,G,-,N,-,0,0,E,,-,-,W,,driver,not_applicable,not_applicable,,making_right_turn,,2017,2017-12-18,08:40,1,Gilman,9Th St,4.0,N,N,A,4,0,1,2,A,10,F,G,B,B,A,H,A,Y,,,-,0,0,1,0,1,0,0,,,ALAMEDA,BERKELEY,complaint_of_pain,vehicle_pedestrian,pedestrian,daylight,clear,dry,felony,crossing_in_crosswalk_at_intersection,Monday,pedestrian_right_of_way
8552299,1,1,Y,M,27.0,A,-,M,N,-,0,0,E,2013.0,NISSAN,A,A,,driver,not_drinking,airbag,white,making_right_turn,passenger_car,2017,2017-12-15,17:11,5,Hearst,Spruce,0.0,,Y,A,3,0,1,2,A,08,N,D,G,A,A,H,C,,Y,,A,0,1,0,0,0,0,1,37.87427,-122.26538,ALAMEDA,BERKELEY,other_visible_injury,broadside,bicycle,dark_street_lights,clear,dry,no,no_pedestrian,Friday,improper_turning
8552299,2,4,N,M,25.0,A,-,-,N,-,0,1,B,,-,L,W,,bicyclist,not_drinking,not_applicable,,proceeding_straight,emergency_vehicle,2017,2017-12-15,17:11,5,Hearst,Spruce,0.0,,Y,A,3,0,1,2,A,08,N,D,G,A,A,H,C,,Y,,A,0,1,0,0,0,0,1,37.87427,-122.26538,ALAMEDA,BERKELEY,other_visible_injury,broadside,bicycle,dark_street_lights,clear,dry,no,no_pedestrian,Friday,improper_turning
8552319,1,1,Y,M,66.0,A,-,M,-,-,0,0,B,2001.0,FORD,A,H,,driver,not_drinking,airbag,other,proceeding_straight,passenger_car,2017,2017-12-11,20:30,1,Cedar,Bonita,0.0,,Y,A,2,0,1,2,A,03,N,G,B,B,A,H,C,Y,,,A,1,0,0,0,1,0,0,37.87811,-122.27282,ALAMEDA,BERKELEY,severe_injury,vehicle_pedestrian,pedestrian,dark_street_lights,clear,dry,no,crossing_in_crosswalk_at_intersection,Monday,unsafe_speed
8552319,2,2,N,F,31.0,A,-,-,-,-,0,1,B,,-,N,W,,pedestrian,not_drinking,not_applicable,,proceeding_straight,city_bus,2017,2017-12-11,20:30,1,Cedar,Bonita,0.0,,Y,A,2,0,1,2,A,03,N,G,B,B,A,H,C,Y,,,A,1,0,0,0,1,0,0,37.87811,-122.27282,ALAMEDA,BERKELEY,severe_injury,vehicle_pedestrian,pedestrian,dark_street_lights,clear,dry,no,crossing_in_crosswalk_at_intersection,Monday,unsafe_speed
8552658,1,1,Y,M,60.0,A,-,M,A,-,0,0,E,2002.0,GRUMMAN,I,O,,driver,not_drinking,airbag,,making_right_turn,truck_tractor_with_trailer,2017,2017-12-05,14:59,2,Fulton,Bancroft Wy,0.0,,N,A,4,0,1,2,A,10,N,G,B,B,A,H,A,Y,,,I,0,0,1,0,1,0,0,37.86783,-122.26595,ALAMEDA,BERKELEY,complaint_of_pain,vehicle_pedestrian,pedestrian,daylight,clear,dry,no,crossing_in_crosswalk_at_intersection,Tuesday,pedestrian_right_of_way
8552658,2,2,N,F,24.0,A,-,-,N,-,0,1,B,,-,N,A,,pedestrian,not_drinking,not_applicable,white,proceeding_straight,city_bus,2017,2017-12-05,14:59,2,Fulton,Bancroft Wy,0.0,,N,A,4,0,1,2,A,10,N,G,B,B,A,H,A,Y,,,I,0,0,1,0,1,0,0,37.86783,-122.26595,ALAMEDA,BERKELEY,complaint_of_pain,vehicle_pedestrian,pedestrian,daylight,clear,dry,no,crossing_in_crosswalk_at_intersection,Tuesday,pedestrian_right_of_way
8553724,1,1,Y,M,58.0,A,-,M,A,-,0,0,G,2015.0,TOYOTA,A,W,,driver,not_drinking,airbag,,making_U_turn,passenger_car,2017,2017-09-14,15:06,4,Solano,Peralta Av,118.0,E,N,A,4,0,1,2,A,21,N,G,B,E,A,H,-,Y,,,A,0,0,1,0,1,0,0,37.89124,-122.28524,ALAMEDA,BERKELEY,complaint_of_pain,vehicle_pedestrian,pedestrian,,clear,dry,no,in_road_includes_shoulder,Thursday,unsafe_speed
8553724,2,2,N,F,49.0,A,-,-,-,-,0,1,R,,-,N,H,,pedestrian,not_drinking,not_applicable,other,traveling_wrong_way,city_bus,2017,2017-09-14,15:06,4,Solano,Peralta Av,118.0,E,N,A,4,0,1,2,A,21,N,G,B,E,A,H,-,Y,,,A,0,0,1,0,1,0,0,37.89124,-122.28524,ALAMEDA,BERKELEY,complaint_of_pain,vehicle_pedestrian,pedestrian,,clear,dry,no,in_road_includes_shoulder,Thursday,unsafe_speed
8554028,1,1,Y,M,,G,G,-,A,-,0,0,D,,-,-,B,,driver,not_applicable,not_applicable,hispanic,ran_off_road_left,,2017,2017-12-10,18:05,7,Ashby Av,Mabel St,0.0,,Y,A,3,0,1,2,A,08,F,B,G,A,A,H,C,,Y,,-,0,1,0,0,0,0,1,37.85275,-122.28372,ALAMEDA,BERKELEY,other_visible_injury,sideswipe,bicycle,dark_street_lights,clear,dry,felony,no_pedestrian,Sunday,improper_turning
8554028,2,4,N,M,30.0,A,-,-,N,-,0,1,B,,-,L,W,,bicyclist,not_drinking,not_applicable,,proceeding_straight,emergency_vehicle,2017,2017-12-10,18:05,7,Ashby Av,Mabel St,0.0,,Y,A,3,0,1,2,A,08,F,B,G,A,A,H,C,,Y,,-,0,1,0,0,0,0,1,37.85275,-122.28372,ALAMEDA,BERKELEY,other_visible_injury,sideswipe,bicycle,dark_street_lights,clear,dry,felony,no_pedestrian,Sunday,improper_turning
8556643,1,1,N,M,24.0,A,-,M,N,-,0,0,B,1995.0,CHEVROLET,A,B,,driver,not_drinking,airbag,hispanic,proceeding_straight,passenger_car,2017,2017-12-17,19:00,7,Telegraph,Stuart St,0.0,,N,A,4,0,1,2,C,18,F,B,G,D,A,H,C,Y,,,-,0,0,1,0,1,0,0,37.85916,-122.25972,ALAMEDA,BERKELEY,complaint_of_pain,sideswipe,bicycle,dark_street_lights,clear,dry,felony,crossing_not_in_crosswalk,Sunday,other_than_driver
8556643,2,2,N,F,63.0,A,-,-,N,-,0,1,R,,-,N,W,,pedestrian,not_drinking,not_applicable,,traveling_wrong_way,city_bus,2017,2017-12-17,19:00,7,Telegraph,Stuart St,0.0,,N,A,4,0,1,2,C,18,F,B,G,D,A,H,C,Y,,,-,0,0,1,0,1,0,0,37.85916,-122.25972,ALAMEDA,BERKELEY,complaint_of_pain,sideswipe,bicycle,dark_street_lights,clear,dry,felony,crossing_not_in_crosswalk,Sunday,other_than_driver
8556647,1,1,Y,M,65.0,A,-,M,N,-,0,0,B,2017.0,FORD,A,W,,driver,not_drinking,airbag,,proceeding_straight,passenger_car,2017,2017-12-15,21:29,5,Telegraph,Carleton,0.0,,Y,A,4,0,1,2,A,10,N,G,B,B,A,H,C,Y,,,A,0,0,1,0,1,0,0,37.8619,-122.25841,ALAMEDA,BERKELEY,complaint_of_pain,vehicle_pedestrian,pedestrian,dark_street_lights,clear,dry,no,crossing_in_crosswalk_at_intersection,Friday,pedestrian_right_of_way
8556647,2,2,N,F,19.0,A,-,-,N,-,0,1,R,,-,N,A,,pedestrian,not_drinking,not_applicable,white,traveling_wrong_way,city_bus,2017,2017-12-15,21:29,5,Telegraph,Carleton,0.0,,Y,A,4,0,1,2,A,10,N,G,B,B,A,H,C,Y,,,A,0,0,1,0,1,0,0,37.8619,-122.25841,ALAMEDA,BERKELEY,complaint_of_pain,vehicle_pedestrian,pedestrian,dark_street_lights,clear,dry,no,crossing_in_crosswalk_at_intersection,Friday,pedestrian_right_of_way
8556651,1,4,Y,M,23.0,A,-,-,N,-,0,1,B,,-,L,O,,bicyclist,not_drinking,not_applicable,,proceeding_straight,emergency_vehicle,2017,2017-12-04,16:40,1,University,Curtis St,150.0,W,N,A,3,0,1,2,A,- ,N,D,G,A,A,H,B,,Y,,L,0,1,0,0,0,0,1,37.8694,-122.29087,ALAMEDA,BERKELEY,other_visible_injury,broadside,bicycle,dusk_dawn,clear,dry,no,no_pedestrian,Monday,
8556651,2,1,N,M,66.0,A,-,M,N,-,0,0,B,2001.0,TOYOTA,A,W,,driver,not_drinking,airbag,,proceeding_straight,passenger_car,2017,2017-12-04,16:40,1,University,Curtis St,150.0,W,N,A,3,0,1,2,A,- ,N,D,G,A,A,H,B,,Y,,L,0,1,0,0,0,0,1,37.8694,-122.29087,ALAMEDA,BERKELEY,other_visible_injury,broadside,bicycle,dusk_dawn,clear,dry,no,no_pedestrian,Monday,
8556655,1,1,Y,M,89.0,A,-,M,M,-,0,0,B,2011.0,TOYOTA,A,W,,driver,not_drinking,airbag,,proceeding_straight,passenger_car,2017,2017-12-26,15:48,2,Marin Av,Monterey Av,0.0,,Y,A,3,0,1,2,A,09,N,D,G,A,A,H,A,,Y,,A,0,1,0,0,0,0,1,37.88904,-122.27545,ALAMEDA,BERKELEY,other_visible_injury,broadside,bicycle,daylight,clear,dry,no,no_pedestrian,Tuesday,automobile_right_of_way
8556655,2,4,N,F,59.0,A,-,-,-,-,0,1,B,,-,L,W,,bicyclist,not_drinking,not_applicable,,proceeding_straight,emergency_vehicle,2017,2017-12-26,15:48,2,Marin Av,Monterey Av,0.0,,Y,A,3,0,1,2,A,09,N,D,G,A,A,H,A,,Y,,A,0,1,0,0,0,0,1,37.88904,-122.27545,ALAMEDA,BERKELEY,other_visible_injury,broadside,bicycle,daylight,clear,dry,no,no_pedestrian,Tuesday,automobile_right_of_way
8556718,1,2,Y,M,20.0,A,-,P,-,-,0,1,B,,-,N,O,,pedestrian,not_drinking,,,proceeding_straight,city_bus,2017,2017-12-22,15:08,5,Ashby Av,College Av,0.0,,Y,A,4,0,1,2,A,11,N,G,B,B,A,H,A,Y,,,N,0,0,1,0,1,0,0,37.85704,-122.25304,ALAMEDA,BERKELEY,complaint_of_pain,vehicle_pedestrian,pedestrian,daylight,clear,dry,no,crossing_in_crosswalk_at_intersection,Friday,pedestrian_violation
8556718,2,1,N,M,54.0,A,-,M,-,-,0,0,E,2017.0,FORD,A,W,,driver,not_drinking,airbag,,making_right_turn,passenger_car,2017,2017-12-22,15:08,5,Ashby Av,College Av,0.0,,Y,A,4,0,1,2,A,11,N,G,B,B,A,H,A,Y,,,N,0,0,1,0,1,0,0,37.85704,-122.25304,ALAMEDA,BERKELEY,complaint_of_pain,vehicle_pedestrian,pedestrian,daylight,clear,dry,no,crossing_in_crosswalk_at_intersection,Friday,pedestrian_violation
8557309,1,1,Y,M,72.0,A,-,M,F,-,0,0,E,1994.0,JEEP,A,B,-,driver,not_drinking,airbag,hispanic,making_right_turn,passenger_car,2017,2017-12-11,18:08,1,Adeline,Oregon,0.0,,Y,A,3,0,1,2,A,10,N,B,B,B,A,H,C,Y,,,A,0,1,0,0,1,0,0,37.85693,-122.26854,ALAMEDA,BERKELEY,other_visible_injury,sideswipe,pedestrian,dark_street_lights,clear,dry,no,crossing_in_crosswalk_at_intersection,Monday,pedestrian_right_of_way
8557309,2,2,N,F,46.0,A,-,-,-,-,0,1,B,,-,N,H,,pedestrian,not_drinking,not_applicable,other,proceeding_straight,city_bus,2017,2017-12-11,18:08,1,Adeline,Oregon,0.0,,Y,A,3,0,1,2,A,10,N,B,B,B,A,H,C,Y,,,A,0,1,0,0,1,0,0,37.85693,-122.26854,ALAMEDA,BERKELEY,other_visible_injury,sideswipe,pedestrian,dark_street_lights,clear,dry,no,crossing_in_crosswalk_at_intersection,Monday,pedestrian_right_of_way
8557313,1,1,Y,M,46.0,A,-,M,N,-,0,0,B,2017.0,AUDI,A,B,,driver,not_drinking,airbag,hispanic,proceeding_straight,passenger_car,2017,2017-12-01,19:29,5,Harmon,Adeline,0.0,,Y,A,4,0,1,2,A,10,N,G,B,B,A,H,C,Y,,Y,A,0,0,1,0,1,0,0,37.8497,-122.27105,ALAMEDA,BERKELEY,complaint_of_pain,vehicle_pedestrian,pedestrian,dark_street_lights,clear,dry,no,crossing_in_crosswalk_at_intersection,Friday,pedestrian_right_of_way
8557313,2,2,N,M,67.0,B,-,-,N,-,0,1,B,,-,N,B,,pedestrian,drinking_not_under_influence,not_applicable,hispanic,proceeding_straight,city_bus,2017,2017-12-01,19:29,5,Harmon,Adeline,0.0,,Y,A,4,0,1,2,A,10,N,G,B,B,A,H,C,Y,,Y,A,0,0,1,0,1,0,0,37.8497,-122.27105,ALAMEDA,BERKELEY,complaint_of_pain,vehicle_pedestrian,pedestrian,dark_street_lights,clear,dry,no,crossing_in_crosswalk_at_intersection,Friday,pedestrian_right_of_way
8557317,1,1,Y,-,,G,G,-,A,-,0,0,E,,-,-,,,driver,not_applicable,not_applicable,,making_right_turn,,2017,2017-12-07,19:05,4,Telegraph,Parker,0.0,,Y,A,3,0,1,3,A,08,F,H,G,A,A,H,C,,Y,,-,0,1,0,0,0,0,1,,,ALAMEDA,BERKELEY,other_visible_injury,other,bicycle,dark_street_lights,clear,dry,felony,no_pedestrian,Thursday,improper_turning
8557317,2,4,N,F,14.0,A,-,-,N,-,0,1,B,,-,L,W,,bicyclist,not_drinking,not_applicable,,proceeding_straight,emergency_vehicle,2017,2017-12-07,19:05,4,Telegraph,Parker,0.0,,Y,A,3,0,1,3,A,08,F,H,G,A,A,H,C,,Y,,-,0,1,0,0,0,0,1,,,ALAMEDA,BERKELEY,other_visible_injury,other,bicycle,dark_street_lights,clear,dry,felony,no_pedestrian,Thursday,improper_turning
8557317,3,5,N,-,,H,H,-,-,-,0,0,-,,-,-,,,other,impairment_physical,not_applicable,,unknown,,2017,2017-12-07,19:05,4,Telegraph,Parker,0.0,,Y,A,3,0,1,3,A,08,F,H,G,A,A,H,C,,Y,,-,0,1,0,0,0,0,1,,,ALAMEDA,BERKELEY,other_visible_injury,other,bicycle,dark_street_lights,clear,dry,felony,no_pedestrian,Thursday,improper_turning
8557325,1,1,N,M,60.0,A,-,M,-,-,0,0,D,2006.0,DODGE,A,W,,driver,not_drinking,airbag,,ran_off_road_left,passenger_car,2017,2017-12-03,16:30,7,West Frontage,University,0.0,,Y,A,3,0,1,2,-,- ,N,B,G,A,A,H,A,,Y,,-,0,1,0,0,0,0,1,37.86644,-122.3055,ALAMEDA,BERKELEY,other_visible_injury,sideswipe,bicycle,daylight,clear,dry,no,no_pedestrian,Sunday,
8557325,2,4,N,F,31.0,A,-,-,-,-,0,1,B,,-,L,W,,bicyclist,not_drinking,not_applicable,,proceeding_straight,emergency_vehicle,2017,2017-12-03,16:30,7,West Frontage,University,0.0,,Y,A,3,0,1,2,-,- ,N,B,G,A,A,H,A,,Y,,-,0,1,0,0,0,0,1,37.86644,-122.3055,ALAMEDA,BERKELEY,other_visible_injury,sideswipe,bicycle,daylight,clear,dry,no,no_pedestrian,Sunday,
8557337,1,1,Y,F,81.0,A,-,M,N,-,0,0,B,2011.0,TOYOTA,A,W,,driver,not_drinking,airbag,,proceeding_straight,passenger_car,2017,2017-12-21,17:14,4,Rose,Henry,0.0,,Y,A,4,0,1,2,A,10,N,G,B,B,A,H,C,Y,,,A,0,0,1,0,1,0,0,37.88191,-122.27043,ALAMEDA,BERKELEY,complaint_of_pain,vehicle_pedestrian,pedestrian,dark_street_lights,clear,dry,no,crossing_in_crosswalk_at_intersection,Thursday,pedestrian_right_of_way