case_id,party_number,party_type,at_fault,party_sex,party_age,party_sobriety,party_drug_physical,party_safety_equip_1,oaf_1,oaf_2,party_number_killed,party_number_injured,move_pre_acc,vehicle_year,vehicle_make,stwd_vehicle_type,race,inattention,party_type_label,sobriety_label,safety_equip_label,race_label,move_pre_acc_label,vehicle_type_label,accident_year,collision_date,collision_time,day_of_week,primary_rd,secondary_rd,distance,direction,intersection,weather_1,collision_severity,number_killed,number_injured,party_count,primary_coll_factor,pcf_viol_category,hit_and_run,type_of_collision,mviw,ped_action,road_surface,road_cond_1,lighting,pedestrian_accident,bicycle_accident,alcohol_involved,stwd_vehtype_at_fault,count_severe_inj,count_visible_inj,count_complaint_pain,count_ped_killed,count_ped_injured,count_bicyclist_killed,count_bicyclist_injured,latitude,longitude,county,city,severity_label,collision_type_label,mviw_label,lighting_label,weather_label,road_surface_label,hit_and_run_label,ped_action_label,day_of_week_label,pcf_category_label
8557337,2,2,N,F,16.0,H,H,-,N,-,0,1,R,,-,N,W,,pedestrian,impairment_physical,not_applicable,,traveling_wrong_way,city_bus,2017,2017-12-21,17:14,4,Rose,Henry,0.0,,Y,A,4,0,1,2,A,10,N,G,B,B,A,H,C,Y,,,A,0,0,1,0,1,0,0,37.88191,-122.27043,ALAMEDA,BERKELEY,complaint_of_pain,vehicle_pedestrian,pedestrian,dark_street_lights,clear,dry,no,crossing_in_crosswalk_at_intersection,Thursday,pedestrian_right_of_way
8557349,1,4,N,M,23.0,A,-,-,N,-,0,1,B,,-,L,A,,bicyclist,not_drinking,not_applicable,white,proceeding_straight,emergency_vehicle,2017,2017-12-07,17:45,4,Ashby Av,Newberry St,0.0,,Y,A,4,0,1,2,A,08,F,B,G,A,A,H,C,,Y,,-,0,0,1,0,0,0,1,37.85518,-122.26738,ALAMEDA,BERKELEY,complaint_of_pain,sideswipe,bicycle,dark_street_lights,clear,dry,felony,no_pedestrian,Thursday,improper_turning
8557349,2,1,Y,-,,-,,-,-,-,0,0,-,,-,-,,,driver,unknown,not_applicable,,unknown,,2017,2017-12-07,17:45,4,Ashby Av,Newberry St,0.0,,Y,A,4,0,1,2,A,08,F,B,G,A,A,H,C,,Y,,-,0,0,1,0,0,0,1,37.85518,-122.26738,ALAMEDA,BERKELEY,complaint_of_pain,sideswipe,bicycle,dark_street_lights,clear,dry,felony,no_pedestrian,Thursday,improper_turning
8574650,1,1,Y,-,,G,G,-,N,-,0,0,B,,-,A,,,driver,not_applicable,not_applicable,,proceeding_straight,passenger_car,2017,2017-10-24,05:14,2,Bancroft,Shattuck,0.0,,Y,A,4,0,1,2,A,08,F,H,G,A,A,H,C,,Y,,A,0,0,1,0,0,0,1,,,ALAMEDA,BERKELEY,complaint_of_pain,other,bicycle,dark_street_lights,clear,dry,felony,no_pedestrian,Tuesday,improper_turning
8574650,2,4,N,M,29.0,A,-,-,N,-,0,1,B,,-,L,W,,bicyclist,not_drinking,not_applicable,,proceeding_straight,emergency_vehicle,2017,2017-10-24,05:14,2,Bancroft,Shattuck,0.0,,Y,A,4,0,1,2,A,08,F,H,G,A,A,H,C,,Y,,A,0,0,1,0,0,0,1,,,ALAMEDA,BERKELEY,complaint_of_pain,other,bicycle,dark_street_lights,clear,dry,felony,no_pedestrian,Tuesday,improper_turning
8574718,1,4,Y,M,27.0,A,-,-,A,-,0,1,B,,-,L,A,,bicyclist,not_drinking,not_applicable,white,proceeding_straight,emergency_vehicle,2018,2018-01-05,16:45,5,Cedar,Juanita Wy,172.0,W,N,B,4,0,1,2,A,17,N,D,G,A,A,H,A,,Y,,L,0,0,1,0,0,0,1,37.87643814086914,-122.28836059570312,ALAMEDA,BERKELEY,complaint_of_pain,broadside,bicycle,daylight,cloudy,dry,no,no_pedestrian,Friday,other_hazardous_mv
8574718,2,1,N,M,52.0,A,-,M,-,-,0,0,B,2013.0,LEXUS,A,B,,driver,not_drinking,airbag,hispanic,proceeding_straight,passenger_car,2018,2018-01-05,16:45,5,Cedar,Juanita Wy,172.0,W,N,B,4,0,1,2,A,17,N,D,G,A,A,H,A,,Y,,L,0,0,1,0,0,0,1,37.87643814086914,-122.28836059570312,ALAMEDA,BERKELEY,complaint_of_pain,broadside,bicycle,daylight,cloudy,dry,no,no_pedestrian,Friday,other_hazardous_mv
8574803,1,1,Y,M,61.0,A,-,M,N,-,0,0,E,2005.0,DODGE,D,H,,driver,not_drinking,airbag,other,making_right_turn,pickup_truck,2018,2018-01-10,06:16,3,San Pablo,Folger,0.0,,Y,A,4,0,1,2,A,10,N,G,B,B,A,H,C,Y,,,D,0,0,1,0,1,0,0,37.85097122192382,-122.28626251220705,ALAMEDA,BERKELEY,complaint_of_pain,vehicle_pedestrian,pedestrian,dark_street_lights,clear,dry,no,crossing_in_crosswalk_at_intersection,Wednesday,pedestrian_right_of_way
8574803,2,2,N,F,24.0,A,-,-,N,-,0,1,B,,-,N,W,,pedestrian,not_drinking,not_applicable,,proceeding_straight,city_bus,2018,2018-01-10,06:16,3,San Pablo,Folger,0.0,,Y,A,4,0,1,2,A,10,N,G,B,B,A,H,C,Y,,,D,0,0,1,0,1,0,0,37.85097122192382,-122.28626251220705,ALAMEDA,BERKELEY,complaint_of_pain,vehicle_pedestrian,pedestrian,dark_street_lights,clear,dry,no,crossing_in_crosswalk_at_intersection,Wednesday,pedestrian_right_of_way
8595449,1,1,Y,F,22.0,A,-,M,N,-,0,0,A,2015.0,HONDA,A,A,,driver,not_drinking,airbag,white,stopped,passenger_car,2018,2018-02-28,13:10,3,Euclid Av,Ridge Rd,0.0,,Y,A,4,0,1,2,A,21,N,G,B,-,A,H,A,Y,,,A,0,0,1,0,1,0,0,37.87601852416992,-122.26033020019533,ALAMEDA,BERKELEY,complaint_of_pain,vehicle_pedestrian,pedestrian,daylight,clear,dry,no,,Wednesday,unsafe_speed
8595449,2,2,N,M,25.0,A,-,-,N,-,0,1,A,,-,N,H,,pedestrian,not_drinking,not_applicable,other,stopped,city_bus,2018,2018-02-28,13:10,3,Euclid Av,Ridge Rd,0.0,,Y,A,4,0,1,2,A,21,N,G,B,-,A,H,A,Y,,,A,0,0,1,0,1,0,0,37.87601852416992,-122.26033020019533,ALAMEDA,BERKELEY,complaint_of_pain,vehicle_pedestrian,pedestrian,daylight,clear,dry,no,,Wednesday,unsafe_speed
8595473,1,4,Y,M,35.0,A,-,P,N,-,0,1,B,,-,L,W,,bicyclist,not_drinking,,,proceeding_straight,emergency_vehicle,2018,2018-02-22,09:40,4,Milvia St,Dwight Wy,0.0,,Y,A,3,0,1,2,A,12,N,D,G,A,A,H,A,,Y,,L,0,1,0,0,0,0,1,37.863651275634766,-122.26978302001952,ALAMEDA,BERKELEY,other_visible_injury,broadside,bicycle,daylight,clear,dry,no,no_pedestrian,Thursday,traffic_signals
8595473,2,1,N,F,75.0,A,-,M,N,-,0,0,E,1994.0,HONDA,A,B,,driver,not_drinking,airbag,hispanic,making_right_turn,passenger_car,2018,2018-02-22,09:40,4,Milvia St,Dwight Wy,0.0,,Y,A,3,0,1,2,A,12,N,D,G,A,A,H,A,,Y,,L,0,1,0,0,0,0,1,37.863651275634766,-122.26978302001952,ALAMEDA,BERKELEY,other_visible_injury,broadside,bicycle,daylight,clear,dry,no,no_pedestrian,Thursday,traffic_signals
8595485,1,1,Y,M,70.0,C,-,M,N,-,0,0,E,2001.0,NISSAN,A,W,,driver,under_influence,airbag,,making_right_turn,passenger_car,2018,2018-02-13,16:39,2,Adeline St,Russell St,0.0,,Y,A,3,0,1,2,A,09,N,D,G,A,A,H,A,,Y,Y,A,0,1,0,0,0,0,1,37.856971740722656,-122.26879119873048,ALAMEDA,BERKELEY,other_visible_injury,broadside,bicycle,daylight,clear,dry,no,no_pedestrian,Tuesday,automobile_right_of_way
8595485,2,4,N,F,32.0,A,-,-,-,-,0,1,B,,-,L,W,,bicyclist,not_drinking,not_applicable,,proceeding_straight,emergency_vehicle,2018,2018-02-13,16:39,2,Adeline St,Russell St,0.0,,Y,A,3,0,1,2,A,09,N,D,G,A,A,H,A,,Y,Y,A,0,1,0,0,0,0,1,37.856971740722656,-122.26879119873048,ALAMEDA,BERKELEY,other_visible_injury,broadside,bicycle,daylight,clear,dry,no,no_pedestrian,Tuesday,automobile_right_of_way
8595489,1,4,N,M,33.0,A,-,P,N,-,0,1,B,,-,L,H,,bicyclist,not_drinking,,other,proceeding_straight,emergency_vehicle,2018,2018-02-10,13:37,6,Virginia,Shattuck Av,0.0,,Y,A,4,0,1,2,A,17,N,A,G,A,A,H,-,,Y,,A,0,0,1,0,0,0,1,37.8765983581543,-122.26889801025392,ALAMEDA,BERKELEY,complaint_of_pain,head_on,bicycle,,clear,dry,no,no_pedestrian,Saturday,other_hazardous_mv
8595489,2,1,Y,M,73.0,H,H,M,A,-,0,0,O,2013.0,SUBARU,A,W,,driver,impairment_physical,airbag,,crossed_into_opposing_lane,passenger_car,2018,2018-02-10,13:37,6,Virginia,Shattuck Av,0.0,,Y,A,4,0,1,2,A,17,N,A,G,A,A,H,-,,Y,,A,0,0,1,0,0,0,1,37.8765983581543,-122.26889801025392,ALAMEDA,BERKELEY,complaint_of_pain,head_on,bicycle,,clear,dry,no,no_pedestrian,Saturday,other_hazardous_mv
8595493,1,1,Y,F,70.0,A,-,M,N,-,0,0,B,2002.0,HONDA,A,W,,driver,not_drinking,airbag,,proceeding_straight,passenger_car,2018,2018-02-08,17:45,4,Milvia St,Vine St,0.0,,Y,A,4,0,1,2,A,10,N,G,B,B,A,H,A,Y,,,A,0,0,1,0,1,0,0,37.879920959472656,-122.27163696289062,ALAMEDA,BERKELEY,complaint_of_pain,vehicle_pedestrian,pedestrian,daylight,clear,dry,no,crossing_in_crosswalk_at_intersection,Thursday,pedestrian_right_of_way
8595493,2,2,N,F,,A,-,-,N,-,0,1,R,,-,N,W,,pedestrian,not_drinking,not_applicable,,traveling_wrong_way,city_bus,2018,2018-02-08,17:45,4,Milvia St,Vine St,0.0,,Y,A,4,0,1,2,A,10,N,G,B,B,A,H,A,Y,,,A,0,0,1,0,1,0,0,37.879920959472656,-122.27163696289062,ALAMEDA,BERKELEY,complaint_of_pain,vehicle_pedestrian,pedestrian,daylight,clear,dry,no,crossing_in_crosswalk_at_intersection,Thursday,pedestrian_right_of_way
8595497,1,1,Y,F,70.0,A,-,M,-,-,0,0,E,2013.0,NISSAN,A,B,,driver,not_drinking,airbag,hispanic,making_right_turn,passenger_car,2018,2018-02-08,16:57,4,Hearst Av,Hearst St,0.0,,Y,A,4,0,1,2,A,09,N,B,G,A,A,H,A,,Y,,A,0,0,1,0,0,0,1,37.87199020385742,-122.2824935913086,ALAMEDA,BERKELEY,complaint_of_pain,sideswipe,bicycle,daylight,clear,dry,no,no_pedestrian,Thursday,automobile_right_of_way
8595497,2,4,N,M,61.0,A,-,-,-,-,0,1,B,,-,L,B,,bicyclist,not_drinking,not_applicable,hispanic,proceeding_straight,emergency_vehicle,2018,2018-02-08,16:57,4,Hearst Av,Hearst St,0.0,,Y,A,4,0,1,2,A,09,N,B,G,A,A,H,A,,Y,,A,0,0,1,0,0,0,1,37.87199020385742,-122.2824935913086,ALAMEDA,BERKELEY,complaint_of_pain,sideswipe,bicycle,daylight,clear,dry,no,no_pedestrian,Thursday,automobile_right_of_way
8595505,1,2,N,M,21.0,H,H,-,-,-,0,1,B,,-,N,W,,pedestrian,impairment_physical,not_applicable,,proceeding_straight,city_bus,2018,2018-02-07,22:30,3,100Th Av,Dwight Wy,9.0,S,N,A,3,0,1,2,-,- ,F,G,B,-,A,H,C,Y,,,-,0,1,0,0,1,0,0,,,ALAMEDA,BERKELEY,other_visible_injury,vehicle_pedestrian,pedestrian,dark_street_lights,clear,dry,felony,,Wednesday,
8595505,2,1,N,-,,G,G,-,-,-,0,0,D,,TOYOTA,A,,,driver,not_applicable,not_applicable,,ran_off_road_left,passenger_car,2018,2018-02-07,22:30,3,100Th Av,Dwight Wy,9.0,S,N,A,3,0,1,2,-,- ,F,G,B,-,A,H,C,Y,,,-,0,1,0,0,1,0,0,,,ALAMEDA,BERKELEY,other_visible_injury,vehicle_pedestrian,pedestrian,dark_street_lights,clear,dry,felony,,Wednesday,
8595513,1,4,Y,F,23.0,A,-,-,N,-,0,1,E,,-,L,W,,bicyclist,not_drinking,not_applicable,,making_right_turn,emergency_vehicle,2018,2018-02-05,12:21,1,Hopkins St,Curtis St,25.0,W,N,A,3,0,1,2,A,08,N,D,G,A,A,H,A,,Y,,L,0,1,0,0,0,0,1,,,ALAMEDA,BERKELEY,other_visible_injury,broadside,bicycle,daylight,clear,dry,no,no_pedestrian,Monday,improper_turning
8595513,2,1,N,M,65.0,A,-,M,N,-,0,0,B,1987.0,VOLVO,A,W,,driver,not_drinking,airbag,,proceeding_straight,passenger_car,2018,2018-02-05,12:21,1,Hopkins St,Curtis St,25.0,W,N,A,3,0,1,2,A,08,N,D,G,A,A,H,A,,Y,,L,0,1,0,0,0,0,1,,,ALAMEDA,BERKELEY,other_visible_injury,broadside,bicycle,daylight,clear,dry,no,no_pedestrian,Monday,improper_turning
8595517,1,1,Y,M,69.0,A,-,M,A,-,0,0,E,2007.0,AUDI,A,O,,driver,not_drinking,airbag,,making_right_turn,passenger_car,2018,2018-02-01,15:46,4,7Th St,Parker St,0.0,,Y,A,4,0,1,2,A,10,N,G,B,-,A,H,A,Y,,,A,0,0,1,0,1,0,0,,,ALAMEDA,BERKELEY,complaint_of_pain,vehicle_pedestrian,pedestrian,daylight,clear,dry,no,,Thursday,pedestrian_right_of_way
8595517,2,2,N,M,70.0,A,-,-,-,-,0,1,B,,-,N,W,,pedestrian,not_drinking,not_applicable,,proceeding_straight,city_bus,2018,2018-02-01,15:46,4,7Th St,Parker St,0.0,,Y,A,4,0,1,2,A,10,N,G,B,-,A,H,A,Y,,,A,0,0,1,0,1,0,0,,,ALAMEDA,BERKELEY,complaint_of_pain,vehicle_pedestrian,pedestrian,daylight,clear,dry,no,,Thursday,pedestrian_right_of_way
8597391,1,1,Y,M,,G,G,-,N,-,0,0,F,,CHEVROLET,I,O,,driver,not_applicable,not_applicable,,making_left_turn,truck_tractor_with_trailer,2018,2018-01-10,13:00,3,Dwight Wy,San Pablo Av,20.0,E,N,A,4,0,1,2,B,22,F,G,B,F,A,A,A,Y,,,I,0,0,1,0,1,0,0,37.86109161376953,-122.28955078125,ALAMEDA,BERKELEY,complaint_of_pain,vehicle_pedestrian,pedestrian,daylight,clear,dry,felony,not_in_road,Wednesday,wrong_side_of_road
8597391,2,2,N,M,,A,-,-,N,-,0,1,R,,-,N,O,,pedestrian,not_drinking,not_applicable,,traveling_wrong_way,city_bus,2018,2018-01-10,13:00,3,Dwight Wy,San Pablo Av,20.0,E,N,A,4,0,1,2,B,22,F,G,B,F,A,A,A,Y,,,I,0,0,1,0,1,0,0,37.86109161376953,-122.28955078125,ALAMEDA,BERKELEY,complaint_of_pain,vehicle_pedestrian,pedestrian,daylight,clear,dry,felony,not_in_road,Wednesday,wrong_side_of_road
8597407,1,1,Y,M,32.0,A,-,M,N,-,0,0,B,2018.0,DODGE,D,O,,driver,not_drinking,airbag,,proceeding_straight,pickup_truck,2018,2018-01-16,07:01,2,Channing,Telegraph Av,241.0,W,N,B,3,0,1,2,A,10,N,G,B,C,A,H,C,Y,,,D,0,1,0,0,1,0,0,37.86661148071289,-122.26046752929688,ALAMEDA,BERKELEY,other_visible_injury,vehicle_pedestrian,pedestrian,dark_street_lights,cloudy,dry,no,crossing_in_crosswalk_not_at_intersection,Tuesday,pedestrian_right_of_way
8597407,2,2,N,F,26.0,A,-,-,N,-,0,1,B,,-,N,H,,pedestrian,not_drinking,not_applicable,other,proceeding_straight,city_bus,2018,2018-01-16,07:01,2,Channing,Telegraph Av,241.0,W,N,B,3,0,1,2,A,10,N,G,B,C,A,H,C,Y,,,D,0,1,0,0,1,0,0,37.86661148071289,-122.26046752929688,ALAMEDA,BERKELEY,other_visible_injury,vehicle_pedestrian,pedestrian,dark_street_lights,cloudy,dry,no,crossing_in_crosswalk_not_at_intersection,Tuesday,pedestrian_right_of_way
8597747,1,2,Y,M,52.0,D,-,-,N,-,0,1,L,,-,N,H,,pedestrian,impairment_unknown,not_applicable,other,parking_maneuver,city_bus,2018,2018-01-03,18:45,3,6Th St,Addison St,16.0,N,N,B,2,0,1,2,A,06,N,G,B,D,B,H,C,Y,,Y,N,1,0,0,0,1,0,0,37.8667106628418,-122.29724884033205,ALAMEDA,BERKELEY,severe_injury,vehicle_pedestrian,pedestrian,dark_street_lights,cloudy,wet,no,crossing_not_in_crosswalk,Wednesday,improper_passing
8597747,2,1,N,F,73.0,A,-,M,N,-,0,0,B,2007.0,HONDA,A,H,,driver,not_drinking,airbag,other,proceeding_straight,passenger_car,2018,2018-01-03,18:45,3,6Th St,Addison St,16.0,N,N,B,2,0,1,2,A,06,N,G,B,D,B,H,C,Y,,Y,N,1,0,0,0,1,0,0,37.8667106628418,-122.29724884033205,ALAMEDA,BERKELEY,severe_injury,vehicle_pedestrian,pedestrian,dark_street_lights,cloudy,wet,no,crossing_not_in_crosswalk,Wednesday,improper_passing
8599454,1,4,Y,M,25.0,A,-,-,-,-,0,1,B,,-,L,W,,bicyclist,not_drinking,not_applicable,,proceeding_straight,emergency_vehicle,2018,2018-02-11,18:15,7,Shattuck,Virginia,0.0,,Y,A,4,0,1,2,A,14,N,A,G,A,A,H,C,,Y,,L,0,0,1,0,0,0,1,37.8765983581543,-122.26889801025392,ALAMEDA,BERKELEY,complaint_of_pain,head_on,bicycle,dark_street_lights,clear,dry,no,no_pedestrian,Sunday,lights
8599454,2,1,N,F,66.0,A,-,M,-,-,0,0,B,2000.0,-,D,B,,driver,not_drinking,airbag,hispanic,proceeding_straight,pickup_truck,2018,2018-02-11,18:15,7,Shattuck,Virginia,0.0,,Y,A,4,0,1,2,A,14,N,A,G,A,A,H,C,,Y,,L,0,0,1,0,0,0,1,37.8765983581543,-122.26889801025392,ALAMEDA,BERKELEY,complaint_of_pain,head_on,bicycle,dark_street_lights,clear,dry,no,no_pedestrian,Sunday,lights
8599519,1,1,Y,M,59.0,A,-,M,-,-,0,0,B,2002.0,TOYOTA,D,H,,driver,not_drinking,airbag,other,proceeding_straight,pickup_truck,2018,2018-02-01,17:51,4,Cedar,Milvia St,500.0,W,N,A,4,0,1,2,A,06,N,B,G,A,A,H,A,,Y,,D,0,0,1,0,0,0,1,,,ALAMEDA,BERKELEY,complaint_of_pain,sideswipe,bicycle,daylight,clear,dry,no,no_pedestrian,Thursday,improper_passing
8599519,2,4,N,M,24.0,A,-,-,-,-,0,1,B,,-,L,W,,bicyclist,not_drinking,not_applicable,,proceeding_straight,emergency_vehicle,2018,2018-02-01,17:51,4,Cedar,Milvia St,500.0,W,N,A,4,0,1,2,A,06,N,B,G,A,A,H,A,,Y,,D,0,0,1,0,0,0,1,,,ALAMEDA,BERKELEY,complaint_of_pain,sideswipe,bicycle,daylight,clear,dry,no,no_pedestrian,Thursday,improper_passing
8611770,1,4,Y,M,33.0,A,-,-,-,-,0,1,B,,-,L,W,,bicyclist,not_drinking,not_applicable,,proceeding_straight,emergency_vehicle,2018,2018-01-30,14:09,2,Solano,Fresno Av,88.0,W,N,A,3,0,1,2,A,04,N,B,G,A,A,H,A,,Y,,L,0,1,0,0,0,0,1,37.89168167114258,-122.27879333496094,ALAMEDA,BERKELEY,other_visible_injury,sideswipe,bicycle,daylight,clear,dry,no,no_pedestrian,Tuesday,following_too_closely
8611770,2,1,N,F,83.0,A,-,M,-,-,0,0,K,2013.0,HONDA,A,W,,driver,not_drinking,airbag,,changing_lanes,passenger_car,2018,2018-01-30,14:09,2,Solano,Fresno Av,88.0,W,N,A,3,0,1,2,A,04,N,B,G,A,A,H,A,,Y,,L,0,1,0,0,0,0,1,37.89168167114258,-122.27879333496094,ALAMEDA,BERKELEY,other_visible_injury,sideswipe,bicycle,daylight,clear,dry,no,no_pedestrian,Tuesday,following_too_closely
8611802,1,2,N,M,19.0,A,-,-,N,-,0,1,B,,-,N,A,,pedestrian,not_drinking,not_applicable,white,proceeding_straight,city_bus,2018,2018-01-25,21:56,4,Bancroft,Fulton St,0.0,,Y,A,4,0,1,2,A,10,N,G,B,B,A,H,C,Y,,,-,0,0,1,0,1,0,0,37.867828369140625,-122.26595306396484,ALAMEDA,BERKELEY,complaint_of_pain,vehicle_pedestrian,pedestrian,dark_street_lights,clear,dry,no,crossing_in_crosswalk_at_intersection,Thursday,pedestrian_right_of_way
8611802,2,1,Y,-,,G,G,-,-,-,0,0,-,,-,-,,,driver,not_applicable,not_applicable,,unknown,,2018,2018-01-25,21:56,4,Bancroft,Fulton St,0.0,,Y,A,4,0,1,2,A,10,N,G,B,B,A,H,C,Y,,,-,0,0,1,0,1,0,0,37.867828369140625,-122.26595306396484,ALAMEDA,BERKELEY,complaint_of_pain,vehicle_pedestrian,pedestrian,dark_street_lights,clear,dry,no,crossing_in_crosswalk_at_intersection,Thursday,pedestrian_right_of_way
8611806,1,1,Y,F,28.0,A,-,M,N,-,0,0,O,2003.0,HYUNDAI,A,B,,driver,not_drinking,airbag,hispanic,crossed_into_opposing_lane,passenger_car,2018,2018-01-19,17:06,5,Milvia St,Ward St,62.0,N,N,A,4,0,1,2,A,17,N,B,G,A,-,H,A,,Y,,A,0,0,1,0,0,0,1,37.859130859375,-122.2693328857422,ALAMEDA,BERKELEY,complaint_of_pain,sideswipe,bicycle,daylight,clear,,no,no_pedestrian,Friday,other_hazardous_mv
8611806,2,4,N,F,63.0,A,-,-,N,-,0,1,B,,-,L,W,,bicyclist,not_drinking,not_applicable,,proceeding_straight,emergency_vehicle,2018,2018-01-19,17:06,5,Milvia St,Ward St,62.0,N,N,A,4,0,1,2,A,17,N,B,G,A,-,H,A,,Y,,A,0,0,1,0,0,0,1,37.859130859375,-122.2693328857422,ALAMEDA,BERKELEY,complaint_of_pain,sideswipe,bicycle,daylight,clear,,no,no_pedestrian,Friday,other_hazardous_mv
8611818,1,1,Y,F,28.0,A,-,M,N,-,0,0,E,2011.0,FORD,A,W,,driver,not_drinking,airbag,,making_right_turn,passenger_car,2018,2018-01-12,12:10,5,Telegraph,Derby St,93.0,S,N,A,4,0,1,2,A,08,N,H,G,A,A,H,A,,Y,,A,0,0,1,0,0,0,1,37.86140060424805,-122.25894165039062,ALAMEDA,BERKELEY,complaint_of_pain,other,bicycle,daylight,clear,dry,no,no_pedestrian,Friday,improper_turning
8611818,2,4,N,F,23.0,A,-,-,N,-,0,1,B,,-,L,W,,bicyclist,not_drinking,not_applicable,,proceeding_straight,emergency_vehicle,2018,2018-01-12,12:10,5,Telegraph,Derby St,93.0,S,N,A,4,0,1,2,A,08,N,H,G,A,A,H,A,,Y,,A,0,0,1,0,0,0,1,37.86140060424805,-122.25894165039062,ALAMEDA,BERKELEY,complaint_of_pain,other,bicycle,daylight,clear,dry,no,no_pedestrian,Friday,improper_turning
8611834,1,1,Y,M,66.0,A,-,M,A,-,0,0,B,2003.0,LINCOLN,A,B,,driver,not_drinking,airbag,hispanic,proceeding_straight,passenger_car,2018,2018-01-09,17:53,2,Telegraph,Carleton St,0.0,,Y,B,4,0,1,2,B,22,N,G,B,B,A,H,C,Y,,,A,0,0,1,0,1,0,0,,,ALAMEDA,BERKELEY,complaint_of_pain,vehicle_pedestrian,pedestrian,dark_street_lights,cloudy,dry,no,crossing_in_crosswalk_at_intersection,Tuesday,wrong_side_of_road
8611834,2,2,N,F,21.0,A,-,-,-,-,0,1,-,,-,N,W,,pedestrian,not_drinking,not_applicable,,unknown,city_bus,2018,2018-01-09,17:53,2,Telegraph,Carleton St,0.0,,Y,B,4,0,1,2,B,22,N,G,B,B,A,H,C,Y,,,A,0,0,1,0,1,0,0,,,ALAMEDA,BERKELEY,complaint_of_pain,vehicle_pedestrian,pedestrian,dark_street_lights,cloudy,dry,no,crossing_in_crosswalk_at_intersection,Tuesday,wrong_side_of_road
8611844,1,1,Y,M,61.0,A,-,M,A,-,0,0,B,2012.0,TOYOTA,A,W,,driver,not_drinking,airbag,,proceeding_straight,passenger_car,2018,2018-01-08,17:45,1,Shattuck Av,Russell St,0.0,,Y,C,4,0,1,2,A,11,N,G,B,B,B,H,C,Y,,,A,0,0,1,0,1,0,0,37.85673141479492,-122.26669311523438,ALAMEDA,BERKELEY,complaint_of_pain,vehicle_pedestrian,pedestrian,dark_street_lights,raining,wet,no,crossing_in_crosswalk_at_intersection,Monday,pedestrian_violation
8611844,2,2,N,F,43.0,A,-,-,N,-,0,1,B,,-,N,B,,pedestrian,not_drinking,not_applicable,hispanic,proceeding_straight,city_bus,2018,2018-01-08,17:45,1,Shattuck Av,Russell St,0.0,,Y,C,4,0,1,2,A,11,N,G,B,B,B,H,C,Y,,,A,0,0,1,0,1,0,0,37.85673141479492,-122.26669311523438,ALAMEDA,BERKELEY,complaint_of_pain,vehicle_pedestrian,pedestrian,dark_street_lights,raining,wet,no,crossing_in_crosswalk_at_intersection,Monday,pedestrian_violation
8611848,1,1,Y,M,34.0,A,-,M,N,-,0,0,E,2012.0,MAZDA,A,H,,driver,not_drinking,airbag,other,making_right_turn,passenger_car,2018,2018-01-06,15:30,6,Bancroft,Bowditch St,0.0,,Y,A,4,0,1,2,A,10,N,D,B,-,A,H,A,Y,,,A,0,0,1,0,1,0,0,37.86899185180664,-122.25688934326172,ALAMEDA,BERKELEY,complaint_of_pain,broadside,pedestrian,daylight,clear,dry,no,,Saturday,pedestrian_right_of_way
8611848,2,2,N,M,71.0,A,-,-,N,-,0,1,B,,-,N,H,,pedestrian,not_drinking,not_applicable,other,proceeding_straight,city_bus,2018,2018-01-06,15:30,6,Bancroft,Bowditch St,0.0,,Y,A,4,0,1,2,A,10,N,D,B,-,A,H,A,Y,,,A,0,0,1,0,1,0,0,37.86899185180664,-122.25688934326172,ALAMEDA,BERKELEY,complaint_of_pain,broadside,pedestrian,daylight,clear,dry,no,,Saturday,pedestrian_right_of_way
8611902,1,2,N,M,67.0,A,-,P,N,-,0,1,B,,-,N,O,,pedestrian,not_drinking,,,proceeding_straight,city_bus,2017,2017-10-31,06:50,2,University,Curtis St,3.0,W,N,A,3,0,1,2,A,10,N,G,B,-,A,H,B,Y,,,A,0,1,0,0,1,0,0,,,ALAMEDA,BERKELEY,other_visible_injury,vehicle_pedestrian,pedestrian,dusk_dawn,clear,dry,no,,Tuesday,pedestrian_right_of_way
8611902,2,1,Y,M,,G,G,M,N,-,0,0,B,,-,A,H,,driver,not_applicable,airbag,other,proceeding_straight,passenger_car,2017,2017-10-31,06:50,2,University,Curtis St,3.0,W,N,A,3,0,1,2,A,10,N,G,B,-,A,H,B,Y,,,A,0,1,0,0,1,0,0,,,ALAMEDA,BERKELEY,other_visible_injury,vehicle_pedestrian,pedestrian,dusk_dawn,clear,dry,no,,Tuesday,pedestrian_right_of_way
8614756,1,1,Y,M,21.0,A,-,M,A,-,0,0,E,2008.0,FORD,A,B,,driver,not_drinking,airbag,hispanic,making_right_turn,passenger_car,2018,2018-01-12,23:00,5,Center St,Shattuck Av,0.0,,Y,A,2,0,1,2,A,08,N,B,G,A,A,H,C,,Y,,A,1,0,0,0,0,0,1,37.87030029296875,-122.2680435180664,ALAMEDA,BERKELEY,severe_injury,sideswipe,bicycle,dark_street_lights,clear,dry,no,no_pedestrian,Friday,improper_turning
8614756,2,4,N,M,39.0,A,-,-,N,-,0,1,B,,-,L,H,,bicyclist,not_drinking,not_applicable,other,proceeding_straight,emergency_vehicle,2018,2018-01-12,23:00,5,Center St,Shattuck Av,0.0,,Y,A,2,0,1,2,A,08,N,B,G,A,A,H,C,,Y,,A,1,0,0,0,0,0,1,37.87030029296875,-122.2680435180664,ALAMEDA,BERKELEY,severe_injury,sideswipe,bicycle,dark_street_lights,clear,dry,no,no_pedestrian,Friday,improper_turning