case_id,party_number,party_type,at_fault,party_sex,party_age,party_sobriety,party_drug_physical,party_safety_equip_1,oaf_1,oaf_2,party_number_killed,party_number_injured,move_pre_acc,vehicle_year,vehicle_make,stwd_vehicle_type,race,inattention,party_type_label,sobriety_label,safety_equip_label,race_label,move_pre_acc_label,vehicle_type_label,accident_year,collision_date,collision_time,day_of_week,primary_rd,secondary_rd,distance,direction,intersection,weather_1,collision_severity,number_killed,number_injured,party_count,primary_coll_factor,pcf_viol_category,hit_and_run,type_of_collision,mviw,ped_action,road_surface,road_cond_1,lighting,pedestrian_accident,bicycle_accident,alcohol_involved,stwd_vehtype_at_fault,count_severe_inj,count_visible_inj,count_complaint_pain,count_ped_killed,count_ped_injured,count_bicyclist_killed,count_bicyclist_injured,latitude,longitude,county,city,severity_label,collision_type_label,mviw_label,lighting_label,weather_label,road_surface_label,hit_and_run_label,ped_action_label,day_of_week_label,pcf_category_label
8835269,2,2,N,F,52.0,A,-,-,N,-,0,1,B,,-,N,W,,pedestrian,not_drinking,not_applicable,,proceeding_straight,city_bus,2019,2019-02-22,18:27,5,Shattuck,Vine,0.0,,Y,A,3,0,1,2,A,10,N,G,B,B,A,H,-,Y,,,A,0,1,0,0,1,0,0,37.880218505859375,-122.2693328857422,ALAMEDA,BERKELEY,other_visible_injury,vehicle_pedestrian,pedestrian,,clear,dry,no,crossing_in_crosswalk_at_intersection,Friday,pedestrian_right_of_way
8835273,1,4,Y,M,41.0,A,-,-,A,-,0,1,B,,-,L,B,,bicyclist,not_drinking,not_applicable,hispanic,proceeding_straight,emergency_vehicle,2019,2019-02-20,13:02,3,Martin Luther King Jr,Adeline,0.0,,Y,A,4,0,1,2,A,03,N,D,G,A,A,H,A,,Y,,L,0,0,1,0,0,0,1,,,ALAMEDA,BERKELEY,complaint_of_pain,broadside,bicycle,daylight,clear,dry,no,no_pedestrian,Wednesday,unsafe_speed
8835273,2,1,N,M,20.0,A,-,M,-,-,0,0,A,2011.0,NISSAN,A,O,,driver,not_drinking,airbag,,stopped,passenger_car,2019,2019-02-20,13:02,3,Martin Luther King Jr,Adeline,0.0,,Y,A,4,0,1,2,A,03,N,D,G,A,A,H,A,,Y,,L,0,0,1,0,0,0,1,,,ALAMEDA,BERKELEY,complaint_of_pain,broadside,bicycle,daylight,clear,dry,no,no_pedestrian,Wednesday,unsafe_speed
8836935,1,1,Y,M,71.0,A,-,M,N,-,0,0,B,2008.0,HONDA,A,B,,driver,not_drinking,airbag,hispanic,proceeding_straight,passenger_car,2019,2019-01-31,19:00,4,Heinz,10Th,0.0,,Y,F,3,0,1,2,A,10,N,G,B,B,A,H,C,Y,,,A,0,1,0,0,1,0,0,37.854400634765625,-122.2873992919922,ALAMEDA,BERKELEY,other_visible_injury,vehicle_pedestrian,pedestrian,dark_street_lights,other,dry,no,crossing_in_crosswalk_at_intersection,Thursday,pedestrian_right_of_way
8836935,2,2,N,F,27.0,A,-,-,N,-,0,1,B,,-,N,A,,pedestrian,not_drinking,not_applicable,white,proceeding_straight,city_bus,2019,2019-01-31,19:00,4,Heinz,10Th,0.0,,Y,F,3,0,1,2,A,10,N,G,B,B,A,H,C,Y,,,A,0,1,0,0,1,0,0,37.854400634765625,-122.2873992919922,ALAMEDA,BERKELEY,other_visible_injury,vehicle_pedestrian,pedestrian,dark_street_lights,other,dry,no,crossing_in_crosswalk_at_intersection,Thursday,pedestrian_right_of_way
8836947,1,1,Y,M,65.0,A,-,M,A,-,0,0,B,2004.0,HONDA,A,O,,driver,not_drinking,airbag,,proceeding_straight,passenger_car,2019,2019-01-03,19:24,4,Sacramento,Virginia,0.0,,Y,A,2,0,1,2,A,10,N,G,B,B,A,H,C,Y,,,A,1,0,0,0,1,0,0,37.87487030029297,-122.28244018554688,ALAMEDA,BERKELEY,severe_injury,vehicle_pedestrian,pedestrian,dark_street_lights,clear,dry,no,crossing_in_crosswalk_at_intersection,Thursday,pedestrian_right_of_way
8836947,2,2,N,M,60.0,A,-,-,-,-,0,1,R,,-,N,O,,pedestrian,not_drinking,not_applicable,,traveling_wrong_way,city_bus,2019,2019-01-03,19:24,4,Sacramento,Virginia,0.0,,Y,A,2,0,1,2,A,10,N,G,B,B,A,H,C,Y,,,A,1,0,0,0,1,0,0,37.87487030029297,-122.28244018554688,ALAMEDA,BERKELEY,severe_injury,vehicle_pedestrian,pedestrian,dark_street_lights,clear,dry,no,crossing_in_crosswalk_at_intersection,Thursday,pedestrian_right_of_way
8837189,1,2,Y,F,16.0,-,,-,-,-,0,1,-,,-,N,A,,pedestrian,unknown,not_applicable,white,unknown,city_bus,2019,2019-02-26,09:49,2,Key Route,Key Route 603,0.0,,Y,B,3,0,2,3,A,11,N,G,B,D,B,H,A,Y,,,N,0,1,1,0,2,0,0,,,ALAMEDA,ALBANY,other_visible_injury,vehicle_pedestrian,pedestrian,daylight,cloudy,wet,no,crossing_not_in_crosswalk,Tuesday,pedestrian_violation
8837189,2,2,N,F,17.0,-,-,-,-,-,0,1,B,,-,N,A,,pedestrian,unknown,not_applicable,white,proceeding_straight,city_bus,2019,2019-02-26,09:49,2,Key Route,Key Route 603,0.0,,Y,B,3,0,2,3,A,11,N,G,B,D,B,H,A,Y,,,N,0,1,1,0,2,0,0,,,ALAMEDA,ALBANY,other_visible_injury,vehicle_pedestrian,pedestrian,daylight,cloudy,wet,no,crossing_not_in_crosswalk,Tuesday,pedestrian_violation
8837189,3,1,N,F,73.0,A,-,M,N,-,0,0,-,2003.0,TOYOTA,A,,,driver,not_drinking,airbag,,unknown,passenger_car,2019,2019-02-26,09:49,2,Key Route,Key Route 603,0.0,,Y,B,3,0,2,3,A,11,N,G,B,D,B,H,A,Y,,,N,0,1,1,0,2,0,0,,,ALAMEDA,ALBANY,other_visible_injury,vehicle_pedestrian,pedestrian,daylight,cloudy,wet,no,crossing_not_in_crosswalk,Tuesday,pedestrian_violation
8841446,1,1,Y,M,28.0,A,-,M,N,-,0,0,B,2009.0,HONDA,A,O,,driver,not_drinking,airbag,,proceeding_straight,passenger_car,2019,2019-01-14,17:42,1,University,Bonita Av,0.0,,Y,B,3,0,1,2,A,10,N,G,B,B,-,H,B,Y,,,A,0,1,0,0,1,0,0,37.871849060058594,-122.27072143554688,ALAMEDA,BERKELEY,other_visible_injury,vehicle_pedestrian,pedestrian,dusk_dawn,cloudy,,no,crossing_in_crosswalk_at_intersection,Monday,pedestrian_right_of_way
8841446,2,2,N,M,34.0,A,-,-,N,-,0,1,B,,-,N,H,,pedestrian,not_drinking,not_applicable,other,proceeding_straight,city_bus,2019,2019-01-14,17:42,1,University,Bonita Av,0.0,,Y,B,3,0,1,2,A,10,N,G,B,B,-,H,B,Y,,,A,0,1,0,0,1,0,0,37.871849060058594,-122.27072143554688,ALAMEDA,BERKELEY,other_visible_injury,vehicle_pedestrian,pedestrian,dusk_dawn,cloudy,,no,crossing_in_crosswalk_at_intersection,Monday,pedestrian_right_of_way
8841454,1,1,Y,M,,G,G,B,A,-,0,0,D,,-,-,O,,driver,not_applicable,unknown,,ran_off_road_left,,2019,2019-01-16,18:12,3,Woolsey St,Adeline,0.0,,Y,C,3,0,1,2,A,10,F,G,B,B,-,H,C,Y,,,-,0,1,0,0,1,0,0,37.8519401550293,-122.27010345458984,ALAMEDA,BERKELEY,other_visible_injury,vehicle_pedestrian,pedestrian,dark_street_lights,raining,,felony,crossing_in_crosswalk_at_intersection,Wednesday,pedestrian_right_of_way
8841454,2,2,N,M,57.0,A,-,-,N,-,0,1,B,,-,N,B,,pedestrian,not_drinking,not_applicable,hispanic,proceeding_straight,city_bus,2019,2019-01-16,18:12,3,Woolsey St,Adeline,0.0,,Y,C,3,0,1,2,A,10,F,G,B,B,-,H,C,Y,,,-,0,1,0,0,1,0,0,37.8519401550293,-122.27010345458984,ALAMEDA,BERKELEY,other_visible_injury,vehicle_pedestrian,pedestrian,dark_street_lights,raining,,felony,crossing_in_crosswalk_at_intersection,Wednesday,pedestrian_right_of_way
8841458,1,1,Y,F,25.0,A,-,M,N,-,0,0,L,2009.0,TOYOTA,A,O,,driver,not_drinking,airbag,,parking_maneuver,passenger_car,2019,2019-01-19,11:33,6,College,Webster St,52.0,S,N,A,3,0,1,2,A,09,N,B,G,A,A,H,A,,Y,,A,0,1,0,0,0,0,1,37.8560791015625,-122.2529525756836,ALAMEDA,BERKELEY,other_visible_injury,sideswipe,bicycle,daylight,clear,dry,no,no_pedestrian,Saturday,automobile_right_of_way
8841458,2,4,N,M,51.0,A,-,-,N,-,0,1,B,,-,L,W,,bicyclist,not_drinking,not_applicable,,proceeding_straight,emergency_vehicle,2019,2019-01-19,11:33,6,College,Webster St,52.0,S,N,A,3,0,1,2,A,09,N,B,G,A,A,H,A,,Y,,A,0,1,0,0,0,0,1,37.8560791015625,-122.2529525756836,ALAMEDA,BERKELEY,other_visible_injury,sideswipe,bicycle,daylight,clear,dry,no,no_pedestrian,Saturday,automobile_right_of_way
8841462,1,1,Y,M,41.0,A,-,M,E,-,0,0,E,2013.0,HONDA,A,A,,driver,not_drinking,airbag,white,making_right_turn,passenger_car,2019,2019-01-21,09:53,1,University,California,0.0,,Y,A,3,0,1,2,A,08,N,D,G,A,B,H,A,,Y,,A,0,1,0,0,0,0,1,37.87042999267578,-122.27953338623048,ALAMEDA,BERKELEY,other_visible_injury,broadside,bicycle,daylight,clear,wet,no,no_pedestrian,Monday,improper_turning
8841462,2,4,N,F,26.0,A,-,-,N,-,0,1,B,,-,L,W,,bicyclist,not_drinking,not_applicable,,proceeding_straight,emergency_vehicle,2019,2019-01-21,09:53,1,University,California,0.0,,Y,A,3,0,1,2,A,08,N,D,G,A,B,H,A,,Y,,A,0,1,0,0,0,0,1,37.87042999267578,-122.27953338623048,ALAMEDA,BERKELEY,other_visible_injury,broadside,bicycle,daylight,clear,wet,no,no_pedestrian,Monday,improper_turning
8841474,1,1,N,M,21.0,A,-,M,A,-,0,0,H,2018.0,SUBARU,A,W,,driver,not_drinking,airbag,,backing,passenger_car,2019,2019-01-22,12:05,2,Telegraph,Durant Av,0.0,,Y,A,3,0,1,3,C,18,F,G,B,F,A,G,A,Y,,,-,0,1,0,0,1,0,0,,,ALAMEDA,BERKELEY,other_visible_injury,vehicle_pedestrian,pedestrian,daylight,clear,dry,felony,not_in_road,Tuesday,other_than_driver
8841474,2,2,N,M,25.0,A,-,-,-,-,0,0,A,,-,N,W,,pedestrian,not_drinking,not_applicable,,stopped,city_bus,2019,2019-01-22,12:05,2,Telegraph,Durant Av,0.0,,Y,A,3,0,1,3,C,18,F,G,B,F,A,G,A,Y,,,-,0,1,0,0,1,0,0,,,ALAMEDA,BERKELEY,other_visible_injury,vehicle_pedestrian,pedestrian,daylight,clear,dry,felony,not_in_road,Tuesday,other_than_driver
8841474,3,2,N,M,55.0,A,-,-,N,-,0,1,R,,-,N,B,,pedestrian,not_drinking,not_applicable,hispanic,traveling_wrong_way,city_bus,2019,2019-01-22,12:05,2,Telegraph,Durant Av,0.0,,Y,A,3,0,1,3,C,18,F,G,B,F,A,G,A,Y,,,-,0,1,0,0,1,0,0,,,ALAMEDA,BERKELEY,other_visible_injury,vehicle_pedestrian,pedestrian,daylight,clear,dry,felony,not_in_road,Tuesday,other_than_driver
8841478,1,1,Y,F,77.0,A,-,M,N,-,0,0,B,2001.0,CHEVROLET,A,W,,driver,not_drinking,airbag,,proceeding_straight,passenger_car,2019,2019-01-24,19:12,4,Oxford,Virginia,0.0,,Y,A,3,0,1,2,A,10,N,G,B,B,A,H,C,Y,,,A,0,1,0,0,1,0,0,37.87688827514648,-122.26657104492188,ALAMEDA,BERKELEY,other_visible_injury,vehicle_pedestrian,pedestrian,dark_street_lights,clear,dry,no,crossing_in_crosswalk_at_intersection,Thursday,pedestrian_right_of_way
8841478,2,2,N,M,84.0,A,-,-,N,-,0,1,B,,-,N,W,,pedestrian,not_drinking,not_applicable,,proceeding_straight,city_bus,2019,2019-01-24,19:12,4,Oxford,Virginia,0.0,,Y,A,3,0,1,2,A,10,N,G,B,B,A,H,C,Y,,,A,0,1,0,0,1,0,0,37.87688827514648,-122.26657104492188,ALAMEDA,BERKELEY,other_visible_injury,vehicle_pedestrian,pedestrian,dark_street_lights,clear,dry,no,crossing_in_crosswalk_at_intersection,Thursday,pedestrian_right_of_way
8841490,1,4,Y,M,69.0,A,-,-,A,-,0,1,L,,-,L,W,,bicyclist,not_drinking,not_applicable,,parking_maneuver,emergency_vehicle,2019,2019-01-28,11:15,1,Sacramento,Blake,0.0,,Y,A,3,0,2,3,A,09,N,D,G,A,A,H,A,,Y,,L,0,2,0,0,0,0,1,37.8613395690918,-122.28072357177734,ALAMEDA,BERKELEY,other_visible_injury,broadside,bicycle,daylight,clear,dry,no,no_pedestrian,Monday,automobile_right_of_way
8841490,2,1,N,F,19.0,A,-,L,N,-,0,1,B,2003.0,MERCEDES-BENZ,A,B,,driver,not_drinking,,hispanic,proceeding_straight,passenger_car,2019,2019-01-28,11:15,1,Sacramento,Blake,0.0,,Y,A,3,0,2,3,A,09,N,D,G,A,A,H,A,,Y,,L,0,2,0,0,0,0,1,37.8613395690918,-122.28072357177734,ALAMEDA,BERKELEY,other_visible_injury,broadside,bicycle,daylight,clear,dry,no,no_pedestrian,Monday,automobile_right_of_way
8841490,3,3,N,-,,H,H,-,N,-,0,0,O,2003.0,LEXUS,A,,,parked_vehicle,impairment_physical,not_applicable,,crossed_into_opposing_lane,passenger_car,2019,2019-01-28,11:15,1,Sacramento,Blake,0.0,,Y,A,3,0,2,3,A,09,N,D,G,A,A,H,A,,Y,,L,0,2,0,0,0,0,1,37.8613395690918,-122.28072357177734,ALAMEDA,BERKELEY,other_visible_injury,broadside,bicycle,daylight,clear,dry,no,no_pedestrian,Monday,automobile_right_of_way
8841682,1,1,Y,M,81.0,B,-,M,A,-,0,0,B,1996.0,HONDA,A,B,,driver,drinking_not_under_influence,airbag,hispanic,proceeding_straight,passenger_car,2019,2019-01-05,02:42,6,Martin Luther King Jr,Stuart St,0.0,,Y,A,2,0,2,3,A,10,N,G,B,B,A,H,C,Y,,Y,A,2,0,0,0,2,0,0,37.85795974731445,-122.27149963378906,ALAMEDA,BERKELEY,severe_injury,vehicle_pedestrian,pedestrian,dark_street_lights,clear,dry,no,crossing_in_crosswalk_at_intersection,Saturday,pedestrian_right_of_way
8841682,2,2,N,F,53.0,A,-,-,-,-,0,1,B,,-,N,W,,pedestrian,not_drinking,not_applicable,,proceeding_straight,city_bus,2019,2019-01-05,02:42,6,Martin Luther King Jr,Stuart St,0.0,,Y,A,2,0,2,3,A,10,N,G,B,B,A,H,C,Y,,Y,A,2,0,0,0,2,0,0,37.85795974731445,-122.27149963378906,ALAMEDA,BERKELEY,severe_injury,vehicle_pedestrian,pedestrian,dark_street_lights,clear,dry,no,crossing_in_crosswalk_at_intersection,Saturday,pedestrian_right_of_way
8841682,3,2,N,F,54.0,A,-,-,-,-,0,1,B,,-,N,W,,pedestrian,not_drinking,not_applicable,,proceeding_straight,city_bus,2019,2019-01-05,02:42,6,Martin Luther King Jr,Stuart St,0.0,,Y,A,2,0,2,3,A,10,N,G,B,B,A,H,C,Y,,Y,A,2,0,0,0,2,0,0,37.85795974731445,-122.27149963378906,ALAMEDA,BERKELEY,severe_injury,vehicle_pedestrian,pedestrian,dark_street_lights,clear,dry,no,crossing_in_crosswalk_at_intersection,Saturday,pedestrian_right_of_way
8841690,1,2,Y,F,21.0,A,-,-,N,-,0,1,B,,-,N,W,,pedestrian,not_drinking,not_applicable,,proceeding_straight,city_bus,2019,2019-01-06,06:48,7,Center,Oxford,0.0,,Y,B,3,0,1,2,A,11,N,D,B,B,A,H,C,Y,,,N,0,1,0,0,1,0,0,37.87057876586914,-122.2568817138672,ALAMEDA,BERKELEY,other_visible_injury,broadside,pedestrian,dark_street_lights,cloudy,dry,no,crossing_in_crosswalk_at_intersection,Sunday,pedestrian_violation
8841690,2,1,N,M,72.0,A,-,M,N,-,0,0,B,2010.0,TOYOTA,A,W,,driver,not_drinking,airbag,,proceeding_straight,passenger_car,2019,2019-01-06,06:48,7,Center,Oxford,0.0,,Y,B,3,0,1,2,A,11,N,D,B,B,A,H,C,Y,,,N,0,1,0,0,1,0,0,37.87057876586914,-122.2568817138672,ALAMEDA,BERKELEY,other_visible_injury,broadside,pedestrian,dark_street_lights,cloudy,dry,no,crossing_in_crosswalk_at_intersection,Sunday,pedestrian_violation
8841698,1,1,Y,F,24.0,A,-,M,N,-,0,0,E,2013.0,TOYOTA,A,A,,driver,not_drinking,airbag,white,making_right_turn,passenger_car,2019,2019-01-06,20:30,7,University,Martin Luther King Jr Wy,0.0,,Y,C,3,0,1,2,A,10,N,G,B,B,B,H,C,Y,,,A,0,1,0,0,1,0,0,37.871559143066406,-122.27300262451172,ALAMEDA,BERKELEY,other_visible_injury,vehicle_pedestrian,pedestrian,dark_street_lights,raining,wet,no,crossing_in_crosswalk_at_intersection,Sunday,pedestrian_right_of_way
8841698,2,2,N,F,67.0,A,-,-,-,-,0,1,R,,-,N,W,,pedestrian,not_drinking,not_applicable,,traveling_wrong_way,city_bus,2019,2019-01-06,20:30,7,University,Martin Luther King Jr Wy,0.0,,Y,C,3,0,1,2,A,10,N,G,B,B,B,H,C,Y,,,A,0,1,0,0,1,0,0,37.871559143066406,-122.27300262451172,ALAMEDA,BERKELEY,other_visible_injury,vehicle_pedestrian,pedestrian,dark_street_lights,raining,wet,no,crossing_in_crosswalk_at_intersection,Sunday,pedestrian_right_of_way
8841702,1,1,Y,M,33.0,A,-,M,N,-,0,0,E,2016.0,MAZDA,A,A,,driver,not_drinking,airbag,white,making_right_turn,passenger_car,2019,2019-01-07,06:35,1,Gilman,Neilson,0.0,,Y,A,3,0,1,2,A,09,N,D,G,A,B,H,C,,Y,,A,0,1,0,0,0,0,1,37.88124084472656,-122.28919219970705,ALAMEDA,BERKELEY,other_visible_injury,broadside,bicycle,dark_street_lights,clear,wet,no,no_pedestrian,Monday,automobile_right_of_way
8841702,2,4,N,M,57.0,A,-,-,N,-,0,1,B,,-,L,W,,bicyclist,not_drinking,not_applicable,,proceeding_straight,emergency_vehicle,2019,2019-01-07,06:35,1,Gilman,Neilson,0.0,,Y,A,3,0,1,2,A,09,N,D,G,A,B,H,C,,Y,,A,0,1,0,0,0,0,1,37.88124084472656,-122.28919219970705,ALAMEDA,BERKELEY,other_visible_injury,broadside,bicycle,dark_street_lights,clear,wet,no,no_pedestrian,Monday,automobile_right_of_way
8841710,1,1,Y,F,,G,G,-,N,-,0,0,E,,TOYOTA,A,O,,driver,not_applicable,not_applicable,,making_right_turn,passenger_car,2019,2019-01-08,06:50,2,Durant Av,College Av,0.0,,Y,B,3,0,1,2,A,10,F,G,B,B,B,H,B,Y,,,A,0,1,0,0,1,0,0,37.86838912963867,-122.25443267822266,ALAMEDA,BERKELEY,other_visible_injury,vehicle_pedestrian,pedestrian,dusk_dawn,cloudy,wet,felony,crossing_in_crosswalk_at_intersection,Tuesday,pedestrian_right_of_way
8841710,2,2,N,F,28.0,A,-,-,N,-,0,1,-,,-,N,H,,pedestrian,not_drinking,not_applicable,other,unknown,city_bus,2019,2019-01-08,06:50,2,Durant Av,College Av,0.0,,Y,B,3,0,1,2,A,10,F,G,B,B,B,H,B,Y,,,A,0,1,0,0,1,0,0,37.86838912963867,-122.25443267822266,ALAMEDA,BERKELEY,other_visible_injury,vehicle_pedestrian,pedestrian,dusk_dawn,cloudy,wet,felony,crossing_in_crosswalk_at_intersection,Tuesday,pedestrian_right_of_way
8841722,1,1,Y,M,38.0,A,-,M,-,-,0,0,D,2015.0,FORD,A,W,,driver,not_drinking,airbag,,ran_off_road_left,passenger_car,2019,2019-01-08,18:34,2,7Th,Carleton,0.0,,Y,B,3,0,1,2,A,08,N,B,G,A,A,H,C,,Y,,A,0,1,0,0,0,0,1,,,ALAMEDA,BERKELEY,other_visible_injury,sideswipe,bicycle,dark_street_lights,cloudy,dry,no,no_pedestrian,Tuesday,improper_turning
8841722,2,4,N,M,51.0,A,-,-,-,-,0,1,B,,-,L,,,bicyclist,not_drinking,not_applicable,,proceeding_straight,emergency_vehicle,2019,2019-01-08,18:34,2,7Th,Carleton,0.0,,Y,B,3,0,1,2,A,08,N,B,G,A,A,H,C,,Y,,A,0,1,0,0,0,0,1,,,ALAMEDA,BERKELEY,other_visible_injury,sideswipe,bicycle,dark_street_lights,cloudy,dry,no,no_pedestrian,Tuesday,improper_turning
8841726,1,1,Y,F,72.0,A,-,M,N,-,0,0,B,2004.0,VOLVO,A,W,,driver,not_drinking,airbag,,proceeding_straight,passenger_car,2019,2019-01-09,11:51,3,College Av,College Av 2936,5.0,E,N,A,3,0,1,2,A,10,N,G,B,C,B,H,A,Y,,,A,0,1,0,0,1,0,0,37.85757827758789,-122.25337982177734,ALAMEDA,BERKELEY,other_visible_injury,vehicle_pedestrian,pedestrian,daylight,clear,wet,no,crossing_in_crosswalk_not_at_intersection,Wednesday,pedestrian_right_of_way
8841726,2,2,N,F,57.0,A,-,-,N,-,0,1,B,,-,N,W,,pedestrian,not_drinking,not_applicable,,proceeding_straight,city_bus,2019,2019-01-09,11:51,3,College Av,College Av 2936,5.0,E,N,A,3,0,1,2,A,10,N,G,B,C,B,H,A,Y,,,A,0,1,0,0,1,0,0,37.85757827758789,-122.25337982177734,ALAMEDA,BERKELEY,other_visible_injury,vehicle_pedestrian,pedestrian,daylight,clear,wet,no,crossing_in_crosswalk_not_at_intersection,Wednesday,pedestrian_right_of_way
8841730,1,1,Y,M,60.0,A,-,M,A,-,0,0,E,2008.0,MERCEDES-BENZ,A,O,,driver,not_drinking,airbag,,making_right_turn,passenger_car,2019,2019-01-09,21:02,3,Delaware,Martin Luther King Jr,0.0,,Y,A,3,0,1,2,A,10,N,G,B,B,B,H,C,Y,,,A,0,1,0,0,1,0,0,37.87419891357422,-122.27329254150392,ALAMEDA,BERKELEY,other_visible_injury,vehicle_pedestrian,pedestrian,dark_street_lights,clear,wet,no,crossing_in_crosswalk_at_intersection,Wednesday,pedestrian_right_of_way
8841730,2,2,N,M,73.0,A,-,-,-,-,0,1,B,,-,N,,,pedestrian,not_drinking,not_applicable,,proceeding_straight,city_bus,2019,2019-01-09,21:02,3,Delaware,Martin Luther King Jr,0.0,,Y,A,3,0,1,2,A,10,N,G,B,B,B,H,C,Y,,,A,0,1,0,0,1,0,0,37.87419891357422,-122.27329254150392,ALAMEDA,BERKELEY,other_visible_injury,vehicle_pedestrian,pedestrian,dark_street_lights,clear,wet,no,crossing_in_crosswalk_at_intersection,Wednesday,pedestrian_right_of_way
8841734,1,1,Y,M,79.0,A,-,M,A,-,0,0,B,2014.0,MERCEDES-BENZ,A,W,,driver,not_drinking,airbag,,proceeding_straight,passenger_car,2019,2019-01-14,17:50,1,Sacramento,Julia,0.0,,Y,C,2,0,1,2,A,10,N,G,B,B,B,H,C,Y,,,A,1,0,0,0,1,0,0,,,ALAMEDA,BERKELEY,severe_injury,vehicle_pedestrian,pedestrian,dark_street_lights,raining,wet,no,crossing_in_crosswalk_at_intersection,Monday,pedestrian_right_of_way
8841734,2,2,N,F,43.0,A,-,-,-,-,0,1,R,,-,N,B,,pedestrian,not_drinking,not_applicable,hispanic,traveling_wrong_way,city_bus,2019,2019-01-14,17:50,1,Sacramento,Julia,0.0,,Y,C,2,0,1,2,A,10,N,G,B,B,B,H,C,Y,,,A,1,0,0,0,1,0,0,,,ALAMEDA,BERKELEY,severe_injury,vehicle_pedestrian,pedestrian,dark_street_lights,raining,wet,no,crossing_in_crosswalk_at_intersection,Monday,pedestrian_right_of_way
8841742,1,4,Y,M,39.0,G,G,-,A,-,0,1,B,,-,L,B,,bicyclist,not_applicable,not_applicable,hispanic,proceeding_straight,emergency_vehicle,2019,2019-01-17,21:00,4,9Th,Addison,0.0,,Y,A,3,0,1,2,A,05,N,A,G,A,A,H,C,,Y,,L,0,1,0,0,0,0,1,37.86737060546875,-122.29399871826172,ALAMEDA,BERKELEY,other_visible_injury,head_on,bicycle,dark_street_lights,clear,dry,no,no_pedestrian,Thursday,wrong_side_of_road
8841742,2,1,N,F,44.0,G,G,M,-,-,0,0,B,2006.0,AUDI,A,A,,driver,not_applicable,airbag,white,proceeding_straight,passenger_car,2019,2019-01-17,21:00,4,9Th,Addison,0.0,,Y,A,3,0,1,2,A,05,N,A,G,A,A,H,C,,Y,,L,0,1,0,0,0,0,1,37.86737060546875,-122.29399871826172,ALAMEDA,BERKELEY,other_visible_injury,head_on,bicycle,dark_street_lights,clear,dry,no,no_pedestrian,Thursday,wrong_side_of_road
8841758,1,1,N,M,69.0,A,-,M,-,-,0,0,B,2008.0,SUBARU,A,W,,driver,not_drinking,airbag,,proceeding_straight,passenger_car,2019,2019-01-04,18:46,5,Sacramento,Lincoln St,44.0,S,N,A,2,0,1,2,A,11,N,G,B,D,A,H,C,Y,,,N,1,0,0,0,1,0,0,37.87582015991211,-122.28254699707033,ALAMEDA,BERKELEY,severe_injury,vehicle_pedestrian,pedestrian,dark_street_lights,clear,dry,no,crossing_not_in_crosswalk,Friday,pedestrian_violation
8841758,2,2,Y,F,69.0,A,-,-,-,-,0,1,R,,-,N,W,,pedestrian,not_drinking,not_applicable,,traveling_wrong_way,city_bus,2019,2019-01-04,18:46,5,Sacramento,Lincoln St,44.0,S,N,A,2,0,1,2,A,11,N,G,B,D,A,H,C,Y,,,N,1,0,0,0,1,0,0,37.87582015991211,-122.28254699707033,ALAMEDA,BERKELEY,severe_injury,vehicle_pedestrian,pedestrian,dark_street_lights,clear,dry,no,crossing_not_in_crosswalk,Friday,pedestrian_violation
8843128,1,1,Y,M,18.0,A,-,M,E,-,0,0,E,2000.0,CHEVROLET,A,H,,driver,not_drinking,airbag,other,making_right_turn,passenger_car,2018,2018-11-12,19:08,1,Solano,Pierce,0.0,,Y,A,4,0,1,2,A,10,N,G,B,B,A,H,C,Y,,,A,0,0,1,0,1,0,0,,,ALAMEDA,ALBANY,complaint_of_pain,vehicle_pedestrian,pedestrian,dark_street_lights,clear,dry,no,crossing_in_crosswalk_at_intersection,Monday,pedestrian_right_of_way
8843128,2,2,N,-,,-,,-,-,-,0,1,-,,-,N,,,pedestrian,unknown,not_applicable,,unknown,city_bus,2018,2018-11-12,19:08,1,Solano,Pierce,0.0,,Y,A,4,0,1,2,A,10,N,G,B,B,A,H,C,Y,,,A,0,0,1,0,1,0,0,,,ALAMEDA,ALBANY,complaint_of_pain,vehicle_pedestrian,pedestrian,dark_street_lights,clear,dry,no,crossing_in_crosswalk_at_intersection,Monday,pedestrian_right_of_way
8845972,1,1,Y,M,30.0,A,-,M,N,-,0,0,A,2011.0,TOYOTA,A,H,,driver,not_drinking,airbag,other,stopped,passenger_car,2018,2018-11-26,14:59,1,San Pablo Av,Washington Av,0.0,,Y,A,4,0,1,2,A,21,N,G,B,B,A,H,A,Y,,,A,0,0,1,0,1,0,0,37.89714813232422,-122.30052185058594,ALAMEDA,ALBANY,complaint_of_pain,vehicle_pedestrian,pedestrian,daylight,clear,dry,no,crossing_in_crosswalk_at_intersection,Monday,unsafe_speed