case_id,party_number,party_type,at_fault,party_sex,party_age,party_sobriety,party_drug_physical,party_safety_equip_1,oaf_1,oaf_2,party_number_killed,party_number_injured,move_pre_acc,vehicle_year,vehicle_make,stwd_vehicle_type,race,inattention,party_type_label,sobriety_label,safety_equip_label,race_label,move_pre_acc_label,vehicle_type_label,accident_year,collision_date,collision_time,day_of_week,primary_rd,secondary_rd,distance,direction,intersection,weather_1,collision_severity,number_killed,number_injured,party_count,primary_coll_factor,pcf_viol_category,hit_and_run,type_of_collision,mviw,ped_action,road_surface,road_cond_1,lighting,pedestrian_accident,bicycle_accident,alcohol_involved,stwd_vehtype_at_fault,count_severe_inj,count_visible_inj,count_complaint_pain,count_ped_killed,count_ped_injured,count_bicyclist_killed,count_bicyclist_injured,latitude,longitude,county,city,severity_label,collision_type_label,mviw_label,lighting_label,weather_label,road_surface_label,hit_and_run_label,ped_action_label,day_of_week_label,pcf_category_label
9234478,2,4,N,M,42.0,A,-,-,N,-,0,1,B,,-,L,H,,bicyclist,not_drinking,not_applicable,other,proceeding_straight,emergency_vehicle,2021,2021-01-18,09:41,1,Parker,Shattuck,0.0,,Y,A,3,0,1,2,A,03,N,D,G,A,A,H,A,,Y,,A,0,1,0,0,0,0,1,37.862159729003906,-122.26715087890624,ALAMEDA,BERKELEY,other_visible_injury,broadside,bicycle,daylight,clear,dry,no,no_pedestrian,Monday,unsafe_speed
9240873,1,4,Y,M,35.0,A,-,-,A,-,0,1,B,,-,L,A,,bicyclist,not_drinking,not_applicable,white,proceeding_straight,emergency_vehicle,2021,2021-02-02,14:12,2,Rose Av,Mlk  Jr,0.0,,Y,A,3,0,1,2,A,03,N,C,G,A,A,H,A,,Y,,L,0,1,0,0,0,0,1,37.87963104248047,-122.27388763427734,ALAMEDA,BERKELEY,other_visible_injury,rear_end,bicycle,daylight,clear,dry,no,no_pedestrian,Tuesday,unsafe_speed
9240873,2,1,N,M,30.0,A,-,M,N,-,0,0,A,2019.0,-,I,B,,driver,not_drinking,airbag,hispanic,stopped,truck_tractor_with_trailer,2021,2021-02-02,14:12,2,Rose Av,Mlk  Jr,0.0,,Y,A,3,0,1,2,A,03,N,C,G,A,A,H,A,,Y,,L,0,1,0,0,0,0,1,37.87963104248047,-122.27388763427734,ALAMEDA,BERKELEY,other_visible_injury,rear_end,bicycle,daylight,clear,dry,no,no_pedestrian,Tuesday,unsafe_speed
9240976,1,1,Y,-,,G,G,-,-,-,0,0,E,,-,A,,,driver,not_applicable,not_applicable,,making_right_turn,passenger_car,2021,2021-02-27,21:57,6,Martin Luther King Jr Wy,Francisco Ln,0.0,,Y,A,3,0,1,2,A,10,F,G,B,B,A,H,D,Y,,,A,0,1,0,0,1,0,0,37.87533187866211,-122.2273178100586,ALAMEDA,BERKELEY,other_visible_injury,vehicle_pedestrian,pedestrian,dark_no_lights,clear,dry,felony,crossing_in_crosswalk_at_intersection,Saturday,pedestrian_right_of_way
9240976,2,2,N,M,76.0,A,-,-,N,-,0,1,B,,-,N,B,,pedestrian,not_drinking,not_applicable,hispanic,proceeding_straight,city_bus,2021,2021-02-27,21:57,6,Martin Luther King Jr Wy,Francisco Ln,0.0,,Y,A,3,0,1,2,A,10,F,G,B,B,A,H,D,Y,,,A,0,1,0,0,1,0,0,37.87533187866211,-122.2273178100586,ALAMEDA,BERKELEY,other_visible_injury,vehicle_pedestrian,pedestrian,dark_no_lights,clear,dry,felony,crossing_in_crosswalk_at_intersection,Saturday,pedestrian_right_of_way
9240980,1,4,Y,M,47.0,A,-,-,A,L,0,1,B,,-,L,W,,bicyclist,not_drinking,not_applicable,,proceeding_straight,emergency_vehicle,2021,2021-02-20,10:58,6,Frontage Rd,Gilman,0.0,,Y,A,3,0,1,2,A,09,N,B,G,A,A,H,A,,Y,,L,0,1,0,0,0,0,1,37.87800979614258,-122.30796051025392,ALAMEDA,BERKELEY,other_visible_injury,sideswipe,bicycle,daylight,clear,dry,no,no_pedestrian,Saturday,automobile_right_of_way
9240980,2,1,N,F,25.0,A,-,M,-,-,0,0,-,2019.0,-,-,W,,driver,not_drinking,airbag,,unknown,,2021,2021-02-20,10:58,6,Frontage Rd,Gilman,0.0,,Y,A,3,0,1,2,A,09,N,B,G,A,A,H,A,,Y,,L,0,1,0,0,0,0,1,37.87800979614258,-122.30796051025392,ALAMEDA,BERKELEY,other_visible_injury,sideswipe,bicycle,daylight,clear,dry,no,no_pedestrian,Saturday,automobile_right_of_way
9240981,1,1,Y,M,50.0,A,-,M,N,-,0,0,B,2001.0,-,A,B,,driver,not_drinking,airbag,hispanic,proceeding_straight,passenger_car,2021,2021-02-16,18:53,2,University Av,10Th St,10.0,E,N,A,3,0,1,2,A,10,N,G,B,B,-,H,C,Y,,,A,0,1,0,0,1,0,0,37.86886978149414,-122.29329681396484,ALAMEDA,BERKELEY,other_visible_injury,vehicle_pedestrian,pedestrian,dark_street_lights,clear,,no,crossing_in_crosswalk_at_intersection,Tuesday,pedestrian_right_of_way
9240981,2,2,N,M,27.0,A,-,-,N,-,0,1,B,,-,N,W,,pedestrian,not_drinking,not_applicable,,proceeding_straight,city_bus,2021,2021-02-16,18:53,2,University Av,10Th St,10.0,E,N,A,3,0,1,2,A,10,N,G,B,B,-,H,C,Y,,,A,0,1,0,0,1,0,0,37.86886978149414,-122.29329681396484,ALAMEDA,BERKELEY,other_visible_injury,vehicle_pedestrian,pedestrian,dark_street_lights,clear,,no,crossing_in_crosswalk_at_intersection,Tuesday,pedestrian_right_of_way
9240983,1,1,Y,M,55.0,G,G,M,A,F,0,0,E,2005.0,-,A,B,-,driver,not_applicable,airbag,hispanic,making_right_turn,passenger_car,2021,2021-02-07,15:40,7,Gilman St,7Th St,0.0,,Y,A,3,0,1,2,A,09,F,B,G,A,A,H,A,,Y,,A,0,1,0,0,0,0,1,37.879581451416016,-122.30026245117188,ALAMEDA,BERKELEY,other_visible_injury,sideswipe,bicycle,daylight,clear,dry,felony,no_pedestrian,Sunday,automobile_right_of_way
9240983,2,4,N,M,52.0,A,-,-,N,-,0,1,B,,-,L,O,,bicyclist,not_drinking,not_applicable,,proceeding_straight,emergency_vehicle,2021,2021-02-07,15:40,7,Gilman St,7Th St,0.0,,Y,A,3,0,1,2,A,09,F,B,G,A,A,H,A,,Y,,A,0,1,0,0,0,0,1,37.879581451416016,-122.30026245117188,ALAMEDA,BERKELEY,other_visible_injury,sideswipe,bicycle,daylight,clear,dry,felony,no_pedestrian,Sunday,automobile_right_of_way
9240984,1,4,Y,M,80.0,G,G,-,-,-,0,1,E,,-,L,B,,bicyclist,not_applicable,not_applicable,hispanic,making_right_turn,emergency_vehicle,2021,2021-02-03,12:33,3,Stanford Av,Adeline Av,0.0,,Y,A,2,0,1,2,A,08,N,D,G,A,A,H,A,,Y,,L,1,0,0,0,0,0,1,37.84654998779297,-122.27203369140624,ALAMEDA,BERKELEY,severe_injury,broadside,bicycle,daylight,clear,dry,no,no_pedestrian,Wednesday,improper_turning
9240984,2,1,N,F,32.0,A,-,M,-,-,0,0,B,2017.0,-,-,H,,driver,not_drinking,airbag,other,proceeding_straight,,2021,2021-02-03,12:33,3,Stanford Av,Adeline Av,0.0,,Y,A,2,0,1,2,A,08,N,D,G,A,A,H,A,,Y,,L,1,0,0,0,0,0,1,37.84654998779297,-122.27203369140624,ALAMEDA,BERKELEY,severe_injury,broadside,bicycle,daylight,clear,dry,no,no_pedestrian,Wednesday,improper_turning
9244884,1,1,Y,F,26.0,A,-,M,A,-,0,0,B,2012.0,-,A,W,,driver,not_drinking,airbag,,proceeding_straight,passenger_car,2021,2021-01-20,17:17,3,Marin Av,Marin Cir,0.0,,Y,A,3,0,1,2,A,09,N,D,G,A,A,H,B,,Y,,A,0,1,0,0,0,0,1,37.89017868041992,-122.27239227294922,ALAMEDA,BERKELEY,other_visible_injury,broadside,bicycle,dusk_dawn,clear,dry,no,no_pedestrian,Wednesday,automobile_right_of_way
9244884,2,4,N,M,36.0,A,-,-,N,-,0,1,B,,-,L,W,,bicyclist,not_drinking,not_applicable,,proceeding_straight,emergency_vehicle,2021,2021-01-20,17:17,3,Marin Av,Marin Cir,0.0,,Y,A,3,0,1,2,A,09,N,D,G,A,A,H,B,,Y,,A,0,1,0,0,0,0,1,37.89017868041992,-122.27239227294922,ALAMEDA,BERKELEY,other_visible_injury,broadside,bicycle,dusk_dawn,clear,dry,no,no_pedestrian,Wednesday,automobile_right_of_way
9250578,1,4,Y,F,27.0,A,-,-,-,-,0,1,B,,-,L,W,,bicyclist,not_drinking,not_applicable,,proceeding_straight,emergency_vehicle,2021,2021-03-31,07:46,3,Bancroft,Bonar St,0.0,,Y,A,3,0,1,2,A,12,N,D,G,A,A,H,A,,Y,,L,0,1,0,0,0,0,1,37.86516189575195,-122.28656005859376,ALAMEDA,BERKELEY,other_visible_injury,broadside,bicycle,daylight,clear,dry,no,no_pedestrian,Wednesday,traffic_signals
9250578,2,1,N,M,70.0,A,-,M,-,-,0,0,B,2002.0,-,A,H,,driver,not_drinking,airbag,other,proceeding_straight,passenger_car,2021,2021-03-31,07:46,3,Bancroft,Bonar St,0.0,,Y,A,3,0,1,2,A,12,N,D,G,A,A,H,A,,Y,,L,0,1,0,0,0,0,1,37.86516189575195,-122.28656005859376,ALAMEDA,BERKELEY,other_visible_injury,broadside,bicycle,daylight,clear,dry,no,no_pedestrian,Wednesday,traffic_signals
9250581,1,1,Y,M,70.0,A,-,M,-,-,0,0,E,2017.0,-,A,B,,driver,not_drinking,airbag,hispanic,making_right_turn,passenger_car,2021,2021-03-26,16:08,5,Cedar,Shattuck,0.0,,Y,A,2,0,1,2,A,10,N,G,B,B,A,H,A,Y,,,A,1,0,0,0,1,0,0,37.878421783447266,-122.26909637451172,ALAMEDA,BERKELEY,severe_injury,vehicle_pedestrian,pedestrian,daylight,clear,dry,no,crossing_in_crosswalk_at_intersection,Friday,pedestrian_right_of_way
9250581,2,2,N,M,76.0,A,-,-,-,-,0,1,B,,-,N,W,,pedestrian,not_drinking,not_applicable,,proceeding_straight,city_bus,2021,2021-03-26,16:08,5,Cedar,Shattuck,0.0,,Y,A,2,0,1,2,A,10,N,G,B,B,A,H,A,Y,,,A,1,0,0,0,1,0,0,37.878421783447266,-122.26909637451172,ALAMEDA,BERKELEY,severe_injury,vehicle_pedestrian,pedestrian,daylight,clear,dry,no,crossing_in_crosswalk_at_intersection,Friday,pedestrian_right_of_way
9250585,1,1,Y,-,,G,G,-,N,-,0,0,B,,-,A,,,driver,not_applicable,not_applicable,,proceeding_straight,passenger_car,2021,2021-03-23,18:02,2,Sacramento,Dwight Wy,39.0,S,N,A,3,0,1,2,A,08,F,G,B,F,A,H,A,Y,,,A,0,1,0,0,1,0,0,37.86220169067382,-122.28108978271484,ALAMEDA,BERKELEY,other_visible_injury,vehicle_pedestrian,pedestrian,daylight,clear,dry,felony,not_in_road,Tuesday,improper_turning
9250585,2,2,N,M,39.0,A,-,-,N,-,0,1,R,,-,N,B,,pedestrian,not_drinking,not_applicable,hispanic,traveling_wrong_way,city_bus,2021,2021-03-23,18:02,2,Sacramento,Dwight Wy,39.0,S,N,A,3,0,1,2,A,08,F,G,B,F,A,H,A,Y,,,A,0,1,0,0,1,0,0,37.86220169067382,-122.28108978271484,ALAMEDA,BERKELEY,other_visible_injury,vehicle_pedestrian,pedestrian,daylight,clear,dry,felony,not_in_road,Tuesday,improper_turning
9250587,1,1,Y,M,,G,G,-,N,-,0,0,B,,-,A,O,,driver,not_applicable,not_applicable,,proceeding_straight,passenger_car,2021,2021-03-22,22:40,1,Bancroft,Ellsworth,0.0,,Y,A,3,0,1,2,A,12,F,D,G,A,A,H,C,,Y,,A,0,1,0,0,0,0,1,37.868141174316406,-122.26373291015624,ALAMEDA,BERKELEY,other_visible_injury,broadside,bicycle,dark_street_lights,clear,dry,felony,no_pedestrian,Monday,traffic_signals
9250587,2,4,N,M,22.0,A,-,-,N,-,0,1,B,,-,L,W,,bicyclist,not_drinking,not_applicable,,proceeding_straight,emergency_vehicle,2021,2021-03-22,22:40,1,Bancroft,Ellsworth,0.0,,Y,A,3,0,1,2,A,12,F,D,G,A,A,H,C,,Y,,A,0,1,0,0,0,0,1,37.868141174316406,-122.26373291015624,ALAMEDA,BERKELEY,other_visible_injury,broadside,bicycle,dark_street_lights,clear,dry,felony,no_pedestrian,Monday,traffic_signals
9250590,1,1,Y,F,38.0,B,E,M,N,-,0,0,B,2000.0,-,A,B,,driver,drinking_not_under_influence,airbag,hispanic,proceeding_straight,passenger_car,2021,2021-03-21,20:50,7,West Frontage,University Av,528.0,S,N,A,2,0,1,2,A,01,N,G,B,F,A,H,D,Y,,Y,A,1,0,0,0,1,0,0,37.8661003112793,-122.0356903076172,ALAMEDA,BERKELEY,severe_injury,vehicle_pedestrian,pedestrian,dark_no_lights,clear,dry,no,not_in_road,Sunday,dui
9250590,2,2,N,M,36.0,H,H,-,N,-,0,1,A,,-,N,W,,pedestrian,impairment_physical,not_applicable,,stopped,city_bus,2021,2021-03-21,20:50,7,West Frontage,University Av,528.0,S,N,A,2,0,1,2,A,01,N,G,B,F,A,H,D,Y,,Y,A,1,0,0,0,1,0,0,37.8661003112793,-122.0356903076172,ALAMEDA,BERKELEY,severe_injury,vehicle_pedestrian,pedestrian,dark_no_lights,clear,dry,no,not_in_road,Sunday,dui
9250594,1,1,Y,M,28.0,A,-,M,N,-,0,0,A,2004.0,-,A,B,,driver,not_drinking,airbag,hispanic,stopped,passenger_car,2021,2021-03-16,13:59,2,9Th,Channing,0.0,,Y,A,2,0,1,2,A,03,N,C,G,A,A,H,A,,Y,,A,1,0,0,0,0,0,1,37.86240005493164,-122.29238128662108,ALAMEDA,BERKELEY,severe_injury,rear_end,bicycle,daylight,clear,dry,no,no_pedestrian,Tuesday,unsafe_speed
9250594,2,4,N,F,37.0,A,-,-,N,-,0,1,B,,-,L,W,,bicyclist,not_drinking,not_applicable,,proceeding_straight,emergency_vehicle,2021,2021-03-16,13:59,2,9Th,Channing,0.0,,Y,A,2,0,1,2,A,03,N,C,G,A,A,H,A,,Y,,A,1,0,0,0,0,0,1,37.86240005493164,-122.29238128662108,ALAMEDA,BERKELEY,severe_injury,rear_end,bicycle,daylight,clear,dry,no,no_pedestrian,Tuesday,unsafe_speed
9250598,1,1,Y,M,29.0,A,-,M,N,-,0,0,E,2017.0,-,A,A,,driver,not_drinking,airbag,white,making_right_turn,passenger_car,2021,2021-03-12,11:02,5,Center,Milvia St,9.0,E,N,A,3,0,1,2,A,10,N,G,B,B,A,H,A,Y,,,A,0,1,0,0,1,0,0,37.86997985839844,-122.2705535888672,ALAMEDA,BERKELEY,other_visible_injury,vehicle_pedestrian,pedestrian,daylight,clear,dry,no,crossing_in_crosswalk_at_intersection,Friday,pedestrian_right_of_way
9250598,2,2,N,F,27.0,A,-,-,N,-,0,1,B,,-,N,A,,pedestrian,not_drinking,not_applicable,white,proceeding_straight,city_bus,2021,2021-03-12,11:02,5,Center,Milvia St,9.0,E,N,A,3,0,1,2,A,10,N,G,B,B,A,H,A,Y,,,A,0,1,0,0,1,0,0,37.86997985839844,-122.2705535888672,ALAMEDA,BERKELEY,other_visible_injury,vehicle_pedestrian,pedestrian,daylight,clear,dry,no,crossing_in_crosswalk_at_intersection,Friday,pedestrian_right_of_way
9250815,1,4,Y,F,60.0,A,-,-,-,-,0,1,R,,-,L,B,,bicyclist,not_drinking,not_applicable,hispanic,traveling_wrong_way,emergency_vehicle,2021,2021-03-15,11:34,1,Rt 123,University Av,200.0,N,N,A,3,0,1,2,A,05,N,D,G,A,A,H,A,,Y,,L,0,1,0,0,0,0,1,37.86909866333008,-122.29212188720705,ALAMEDA,BERKELEY,other_visible_injury,broadside,bicycle,daylight,clear,dry,no,no_pedestrian,Monday,wrong_side_of_road
9250815,2,1,N,M,45.0,A,-,M,-,-,0,0,L,2007.0,FORD,D,O,,driver,not_drinking,airbag,,parking_maneuver,pickup_truck,2021,2021-03-15,11:34,1,Rt 123,University Av,200.0,N,N,A,3,0,1,2,A,05,N,D,G,A,A,H,A,,Y,,L,0,1,0,0,0,0,1,37.86909866333008,-122.29212188720705,ALAMEDA,BERKELEY,other_visible_injury,broadside,bicycle,daylight,clear,dry,no,no_pedestrian,Monday,wrong_side_of_road
9277039,1,1,Y,-,,G,G,-,N,-,0,0,A,,-,B,,,driver,not_applicable,not_applicable,,stopped,passenger_car_with_trailer,2021,2021-04-19,18:00,1,Milvia St,Parker St,0.0,,Y,A,3,0,1,2,A,09,F,D,G,A,A,H,A,,Y,,B,0,1,0,0,0,0,1,37.86183166503906,-122.26962280273438,ALAMEDA,BERKELEY,other_visible_injury,broadside,bicycle,daylight,clear,dry,felony,no_pedestrian,Monday,automobile_right_of_way
9277039,2,4,N,M,47.0,A,-,-,N,-,0,1,A,,-,L,B,,bicyclist,not_drinking,not_applicable,hispanic,stopped,emergency_vehicle,2021,2021-04-19,18:00,1,Milvia St,Parker St,0.0,,Y,A,3,0,1,2,A,09,F,D,G,A,A,H,A,,Y,,B,0,1,0,0,0,0,1,37.86183166503906,-122.26962280273438,ALAMEDA,BERKELEY,other_visible_injury,broadside,bicycle,daylight,clear,dry,felony,no_pedestrian,Monday,automobile_right_of_way
9277048,1,1,Y,-,,G,G,-,A,-,0,0,B,,-,A,,,driver,not_applicable,not_applicable,,proceeding_straight,passenger_car,2021,2021-04-05,19:20,1,California St,Cedar St,0.0,,Y,B,3,0,1,2,A,12,F,D,G,A,A,H,B,,Y,,A,0,1,0,0,0,0,1,37.876949310302734,-122.2804718017578,ALAMEDA,BERKELEY,other_visible_injury,broadside,bicycle,dusk_dawn,cloudy,dry,felony,no_pedestrian,Monday,traffic_signals
9277048,2,4,N,M,29.0,A,-,-,-,-,0,1,B,,-,L,A,,bicyclist,not_drinking,not_applicable,white,proceeding_straight,emergency_vehicle,2021,2021-04-05,19:20,1,California St,Cedar St,0.0,,Y,B,3,0,1,2,A,12,F,D,G,A,A,H,B,,Y,,A,0,1,0,0,0,0,1,37.876949310302734,-122.2804718017578,ALAMEDA,BERKELEY,other_visible_injury,broadside,bicycle,dusk_dawn,cloudy,dry,felony,no_pedestrian,Monday,traffic_signals
9283489,1,1,Y,M,51.0,A,-,M,F,-,0,0,-,1995.0,-,-,A,-,driver,not_drinking,airbag,white,unknown,,2020,2020-01-28,21:00,2,Key Route,Washington,0.0,,Y,A,3,0,1,3,A,10,N,G,B,B,A,H,C,Y,,Y,-,0,1,0,0,1,0,0,37.89072036743164,-122.29287719726562,ALAMEDA,ALBANY,other_visible_injury,vehicle_pedestrian,pedestrian,dark_street_lights,clear,dry,no,crossing_in_crosswalk_at_intersection,Tuesday,pedestrian_right_of_way
9283489,2,2,N,F,70.0,C,-,-,N,-,0,1,-,,-,N,W,,pedestrian,under_influence,not_applicable,,unknown,city_bus,2020,2020-01-28,21:00,2,Key Route,Washington,0.0,,Y,A,3,0,1,3,A,10,N,G,B,B,A,H,C,Y,,Y,-,0,1,0,0,1,0,0,37.89072036743164,-122.29287719726562,ALAMEDA,ALBANY,other_visible_injury,vehicle_pedestrian,pedestrian,dark_street_lights,clear,dry,no,crossing_in_crosswalk_at_intersection,Tuesday,pedestrian_right_of_way
9283489,3,2,N,M,72.0,C,-,-,N,-,0,0,-,,-,N,W,,pedestrian,under_influence,not_applicable,,unknown,city_bus,2020,2020-01-28,21:00,2,Key Route,Washington,0.0,,Y,A,3,0,1,3,A,10,N,G,B,B,A,H,C,Y,,Y,-,0,1,0,0,1,0,0,37.89072036743164,-122.29287719726562,ALAMEDA,ALBANY,other_visible_injury,vehicle_pedestrian,pedestrian,dark_street_lights,clear,dry,no,crossing_in_crosswalk_at_intersection,Tuesday,pedestrian_right_of_way
9283517,1,4,Y,M,27.0,G,G,-,A,-,0,1,-,,-,L,W,,bicyclist,not_applicable,not_applicable,,unknown,emergency_vehicle,2020,2020-06-27,12:02,6,Jackson,Washington,0.0,,Y,A,3,0,1,2,A,12,N,H,G,A,A,H,A,,Y,,L,0,1,0,0,0,0,1,37.89031982421875,-122.30175018310548,ALAMEDA,ALBANY,other_visible_injury,other,bicycle,daylight,clear,dry,no,no_pedestrian,Saturday,traffic_signals
9283517,2,1,N,F,36.0,A,-,M,-,-,0,0,B,2007.0,-,A,A,,driver,not_drinking,airbag,white,proceeding_straight,passenger_car,2020,2020-06-27,12:02,6,Jackson,Washington,0.0,,Y,A,3,0,1,2,A,12,N,H,G,A,A,H,A,,Y,,L,0,1,0,0,0,0,1,37.89031982421875,-122.30175018310548,ALAMEDA,ALBANY,other_visible_injury,other,bicycle,daylight,clear,dry,no,no_pedestrian,Saturday,traffic_signals
9286166,1,1,Y,M,84.0,H,H,M,M,-,0,0,B,2017.0,-,A,W,,driver,impairment_physical,airbag,,proceeding_straight,passenger_car,2020,2020-06-18,16:55,4,San Pablo Av,Castro St,128.0,S,N,A,3,0,1,2,A,06,N,H,G,A,A,H,A,,Y,,A,0,1,0,0,0,0,1,37.893550872802734,-122.30040740966795,ALAMEDA,ALBANY,other_visible_injury,other,bicycle,daylight,clear,dry,no,no_pedestrian,Thursday,improper_passing
9286166,2,4,N,M,56.0,H,H,-,N,-,0,1,-,,-,L,W,,bicyclist,impairment_physical,not_applicable,,unknown,emergency_vehicle,2020,2020-06-18,16:55,4,San Pablo Av,Castro St,128.0,S,N,A,3,0,1,2,A,06,N,H,G,A,A,H,A,,Y,,A,0,1,0,0,0,0,1,37.893550872802734,-122.30040740966795,ALAMEDA,ALBANY,other_visible_injury,other,bicycle,daylight,clear,dry,no,no_pedestrian,Thursday,improper_passing
9286174,1,1,Y,F,73.0,A,-,M,E,-,0,0,E,2016.0,FORD,A,W,,driver,not_drinking,airbag,,making_right_turn,passenger_car,2020,2020-10-30,16:25,5,San Pablo,Brighton,0.0,,Y,A,4,0,1,2,A,10,N,A,B,B,A,H,A,Y,,,A,0,0,1,0,1,0,0,37.896751403808594,-122.30095672607422,ALAMEDA,ALBANY,complaint_of_pain,head_on,pedestrian,daylight,clear,dry,no,crossing_in_crosswalk_at_intersection,Friday,pedestrian_right_of_way
9286174,2,2,N,M,47.0,H,H,-,N,-,0,1,-,,-,N,H,,pedestrian,impairment_physical,not_applicable,other,unknown,city_bus,2020,2020-10-30,16:25,5,San Pablo,Brighton,0.0,,Y,A,4,0,1,2,A,10,N,A,B,B,A,H,A,Y,,,A,0,0,1,0,1,0,0,37.896751403808594,-122.30095672607422,ALAMEDA,ALBANY,complaint_of_pain,head_on,pedestrian,daylight,clear,dry,no,crossing_in_crosswalk_at_intersection,Friday,pedestrian_right_of_way
9286182,1,1,Y,-,,-,-,-,-,-,0,0,-,,-,-,,,driver,unknown,not_applicable,,unknown,,2020,2020-10-26,17:13,1,San Pablo,Portland Av,0.0,,Y,A,3,0,1,2,A,10,N,A,B,B,A,H,A,Y,,,-,0,1,0,0,1,0,0,,,ALAMEDA,ALBANY,other_visible_injury,head_on,pedestrian,daylight,clear,dry,no,crossing_in_crosswalk_at_intersection,Monday,pedestrian_right_of_way
9286182,2,2,N,F,69.0,H,H,-,N,-,0,1,-,,-,N,W,,pedestrian,impairment_physical,not_applicable,,unknown,city_bus,2020,2020-10-26,17:13,1,San Pablo,Portland Av,0.0,,Y,A,3,0,1,2,A,10,N,A,B,B,A,H,A,Y,,,-,0,1,0,0,1,0,0,,,ALAMEDA,ALBANY,other_visible_injury,head_on,pedestrian,daylight,clear,dry,no,crossing_in_crosswalk_at_intersection,Monday,pedestrian_right_of_way
9286310,1,1,Y,F,27.0,A,-,M,N,-,0,0,E,2016.0,-,A,B,,driver,not_drinking,airbag,hispanic,making_right_turn,passenger_car,2021,2021-05-20,21:27,4,Rt 123,Ash Ct,0.0,,Y,A,3,0,2,3,A,10,N,G,B,B,A,H,C,Y,,,A,0,2,0,0,2,0,0,37.85213851928711,-122.28668212890624,ALAMEDA,BERKELEY,other_visible_injury,vehicle_pedestrian,pedestrian,dark_street_lights,clear,dry,no,crossing_in_crosswalk_at_intersection,Thursday,pedestrian_right_of_way
9286310,2,2,N,M,23.0,G,G,-,N,-,0,1,B,,-,N,B,,pedestrian,not_applicable,not_applicable,hispanic,proceeding_straight,city_bus,2021,2021-05-20,21:27,4,Rt 123,Ash Ct,0.0,,Y,A,3,0,2,3,A,10,N,G,B,B,A,H,C,Y,,,A,0,2,0,0,2,0,0,37.85213851928711,-122.28668212890624,ALAMEDA,BERKELEY,other_visible_injury,vehicle_pedestrian,pedestrian,dark_street_lights,clear,dry,no,crossing_in_crosswalk_at_intersection,Thursday,pedestrian_right_of_way
9286310,3,2,N,F,28.0,G,G,-,-,-,0,1,B,,-,N,B,,pedestrian,not_applicable,not_applicable,hispanic,proceeding_straight,city_bus,2021,2021-05-20,21:27,4,Rt 123,Ash Ct,0.0,,Y,A,3,0,2,3,A,10,N,G,B,B,A,H,C,Y,,,A,0,2,0,0,2,0,0,37.85213851928711,-122.28668212890624,ALAMEDA,BERKELEY,other_visible_injury,vehicle_pedestrian,pedestrian,dark_street_lights,clear,dry,no,crossing_in_crosswalk_at_intersection,Thursday,pedestrian_right_of_way
9286318,1,2,Y,M,64.0,H,H,-,A,-,0,1,R,,-,N,B,,pedestrian,impairment_physical,not_applicable,hispanic,traveling_wrong_way,city_bus,2021,2021-05-26,21:41,3,Rt 13,Martin Luther King,0.0,,Y,A,3,0,1,2,A,11,N,G,B,E,A,H,C,Y,,Y,N,0,1,0,0,1,0,0,37.85432052612305,-122.27108001708984,ALAMEDA,BERKELEY,other_visible_injury,vehicle_pedestrian,pedestrian,dark_street_lights,clear,dry,no,in_road_includes_shoulder,Wednesday,pedestrian_violation
9286318,2,1,N,M,32.0,B,-,M,A,-,0,0,B,2016.0,-,A,W,,driver,drinking_not_under_influence,airbag,,proceeding_straight,passenger_car,2021,2021-05-26,21:41,3,Rt 13,Martin Luther King,0.0,,Y,A,3,0,1,2,A,11,N,G,B,E,A,H,C,Y,,Y,N,0,1,0,0,1,0,0,37.85432052612305,-122.27108001708984,ALAMEDA,BERKELEY,other_visible_injury,vehicle_pedestrian,pedestrian,dark_street_lights,clear,dry,no,in_road_includes_shoulder,Wednesday,pedestrian_violation
9286708,1,1,Y,F,69.0,A,-,M,N,-,0,0,E,2000.0,-,A,W,,driver,not_drinking,airbag,,making_right_turn,passenger_car,2021,2021-06-11,11:13,5,Milvia St,Center St,0.0,,Y,A,3,0,1,2,A,09,N,D,G,A,A,H,A,,Y,,A,0,1,0,0,0,0,1,,,ALAMEDA,BERKELEY,other_visible_injury,broadside,bicycle,daylight,clear,dry,no,no_pedestrian,Friday,automobile_right_of_way
9286708,2,4,N,M,32.0,A,-,-,N,-,0,1,B,,-,L,O,,bicyclist,not_drinking,not_applicable,,proceeding_straight,emergency_vehicle,2021,2021-06-11,11:13,5,Milvia St,Center St,0.0,,Y,A,3,0,1,2,A,09,N,D,G,A,A,H,A,,Y,,A,0,1,0,0,0,0,1,,,ALAMEDA,BERKELEY,other_visible_injury,broadside,bicycle,daylight,clear,dry,no,no_pedestrian,Friday,automobile_right_of_way