case_id,party_number,party_type,at_fault,party_sex,party_age,party_sobriety,party_drug_physical,party_safety_equip_1,oaf_1,oaf_2,party_number_killed,party_number_injured,move_pre_acc,vehicle_year,vehicle_make,stwd_vehicle_type,race,inattention,party_type_label,sobriety_label,safety_equip_label,race_label,move_pre_acc_label,vehicle_type_label,accident_year,collision_date,collision_time,day_of_week,primary_rd,secondary_rd,distance,direction,intersection,weather_1,collision_severity,number_killed,number_injured,party_count,primary_coll_factor,pcf_viol_category,hit_and_run,type_of_collision,mviw,ped_action,road_surface,road_cond_1,lighting,pedestrian_accident,bicycle_accident,alcohol_involved,stwd_vehtype_at_fault,count_severe_inj,count_visible_inj,count_complaint_pain,count_ped_killed,count_ped_injured,count_bicyclist_killed,count_bicyclist_injured,latitude,longitude,county,city,severity_label,collision_type_label,mviw_label,lighting_label,weather_label,road_surface_label,hit_and_run_label,ped_action_label,day_of_week_label,pcf_category_label
9286710,1,1,Y,F,52.0,A,-,M,N,-,0,0,D,2008.0,-,A,W,,driver,not_drinking,airbag,,ran_off_road_left,passenger_car,2021,2021-06-07,18:09,1,Hopkins St,Peralta,0.0,,Y,A,2,0,1,2,A,10,N,G,B,D,A,G,A,Y,,,A,1,0,0,0,1,0,0,37.87794876098633,-122.28890991210938,ALAMEDA,BERKELEY,severe_injury,vehicle_pedestrian,pedestrian,daylight,clear,dry,no,crossing_not_in_crosswalk,Monday,pedestrian_right_of_way
9286710,2,2,N,F,76.0,A,-,-,A,-,0,1,D,,-,N,W,,pedestrian,not_drinking,not_applicable,,ran_off_road_left,city_bus,2021,2021-06-07,18:09,1,Hopkins St,Peralta,0.0,,Y,A,2,0,1,2,A,10,N,G,B,D,A,G,A,Y,,,A,1,0,0,0,1,0,0,37.87794876098633,-122.28890991210938,ALAMEDA,BERKELEY,severe_injury,vehicle_pedestrian,pedestrian,daylight,clear,dry,no,crossing_not_in_crosswalk,Monday,pedestrian_right_of_way
9286713,1,1,Y,F,,D,-,-,N,-,0,0,I,2017.0,-,A,W,,driver,impairment_unknown,not_applicable,,slowing_stopping,passenger_car,2021,2021-06-03,11:30,4,Rose St,Spruce St,0.0,,Y,A,4,0,1,2,A,08,M,G,B,E,A,H,A,Y,,Y,A,0,0,1,0,1,0,0,37.8821907043457,-122.26698303222656,ALAMEDA,BERKELEY,complaint_of_pain,vehicle_pedestrian,pedestrian,daylight,clear,dry,misdemeanor,in_road_includes_shoulder,Thursday,improper_turning
9286713,2,2,N,M,27.0,A,-,-,N,-,0,1,-,,-,N,H,,pedestrian,not_drinking,not_applicable,other,unknown,city_bus,2021,2021-06-03,11:30,4,Rose St,Spruce St,0.0,,Y,A,4,0,1,2,A,08,M,G,B,E,A,H,A,Y,,Y,A,0,0,1,0,1,0,0,37.8821907043457,-122.26698303222656,ALAMEDA,BERKELEY,complaint_of_pain,vehicle_pedestrian,pedestrian,daylight,clear,dry,misdemeanor,in_road_includes_shoulder,Thursday,improper_turning
9288127,1,4,Y,M,12.0,H,H,-,M,-,0,1,L,,-,L,W,,bicyclist,impairment_physical,not_applicable,,parking_maneuver,emergency_vehicle,2021,2021-04-22,17:23,4,Solano,Stannage Av,0.0,,Y,A,3,0,1,2,A,09,N,D,G,A,A,H,A,,Y,,L,0,1,0,0,0,0,1,37.890380859375,-122.2970962524414,ALAMEDA,ALBANY,other_visible_injury,broadside,bicycle,daylight,clear,dry,no,no_pedestrian,Thursday,automobile_right_of_way
9288127,2,1,N,M,64.0,A,-,M,G,-,0,0,-,2005.0,-,-,B,,driver,not_drinking,airbag,hispanic,unknown,,2021,2021-04-22,17:23,4,Solano,Stannage Av,0.0,,Y,A,3,0,1,2,A,09,N,D,G,A,A,H,A,,Y,,L,0,1,0,0,0,0,1,37.890380859375,-122.2970962524414,ALAMEDA,ALBANY,other_visible_injury,broadside,bicycle,daylight,clear,dry,no,no_pedestrian,Thursday,automobile_right_of_way
9288249,1,1,Y,-,,H,H,-,-,-,0,0,D,,-,D,,,driver,impairment_physical,not_applicable,,ran_off_road_left,pickup_truck,2021,2021-01-06,11:50,3,San Pablo Av,Marin Av,0.0,,Y,B,3,0,1,2,A,08,M,H,G,A,A,H,A,,Y,,D,0,1,0,0,0,0,1,37.88677978515625,-122.29776000976562,ALAMEDA,ALBANY,other_visible_injury,other,bicycle,daylight,cloudy,dry,misdemeanor,no_pedestrian,Wednesday,improper_turning
9288249,2,4,N,F,49.0,A,-,-,N,-,0,1,-,,-,L,W,,bicyclist,not_drinking,not_applicable,,unknown,emergency_vehicle,2021,2021-01-06,11:50,3,San Pablo Av,Marin Av,0.0,,Y,B,3,0,1,2,A,08,M,H,G,A,A,H,A,,Y,,D,0,1,0,0,0,0,1,37.88677978515625,-122.29776000976562,ALAMEDA,ALBANY,other_visible_injury,other,bicycle,daylight,cloudy,dry,misdemeanor,no_pedestrian,Wednesday,improper_turning
9288274,1,1,Y,-,,G,G,-,N,-,0,0,B,,FORD,D,,,driver,not_applicable,not_applicable,,proceeding_straight,pickup_truck,2021,2021-05-03,19:05,1,Acton St,Channing Wy,0.0,,Y,A,3,0,1,2,A,03,F,B,G,A,A,-,A,,Y,,D,0,1,0,0,0,0,1,37.86375045776367,-122.2832489013672,ALAMEDA,BERKELEY,other_visible_injury,sideswipe,bicycle,daylight,clear,dry,felony,no_pedestrian,Monday,unsafe_speed
9288274,2,4,N,M,41.0,A,-,-,N,-,0,1,B,,-,L,W,,bicyclist,not_drinking,not_applicable,,proceeding_straight,emergency_vehicle,2021,2021-05-03,19:05,1,Acton St,Channing Wy,0.0,,Y,A,3,0,1,2,A,03,F,B,G,A,A,-,A,,Y,,D,0,1,0,0,0,0,1,37.86375045776367,-122.2832489013672,ALAMEDA,BERKELEY,other_visible_injury,sideswipe,bicycle,daylight,clear,dry,felony,no_pedestrian,Monday,unsafe_speed
9288405,1,1,Y,M,23.0,A,-,M,N,-,0,0,E,2003.0,-,A,W,,driver,not_drinking,airbag,,making_right_turn,passenger_car,2021,2021-05-14,13:58,5,Gilman,10Th,0.0,,Y,A,3,0,1,2,A,10,N,G,B,B,A,A,A,Y,,,A,0,1,0,0,1,0,0,,,ALAMEDA,BERKELEY,other_visible_injury,vehicle_pedestrian,pedestrian,daylight,clear,dry,no,crossing_in_crosswalk_at_intersection,Friday,pedestrian_right_of_way
9288405,2,2,N,M,35.0,A,-,-,N,-,0,1,R,,-,N,W,,pedestrian,not_drinking,not_applicable,,traveling_wrong_way,city_bus,2021,2021-05-14,13:58,5,Gilman,10Th,0.0,,Y,A,3,0,1,2,A,10,N,G,B,B,A,A,A,Y,,,A,0,1,0,0,1,0,0,,,ALAMEDA,BERKELEY,other_visible_injury,vehicle_pedestrian,pedestrian,daylight,clear,dry,no,crossing_in_crosswalk_at_intersection,Friday,pedestrian_right_of_way
9288408,1,4,Y,M,12.0,A,-,-,N,-,0,1,B,,-,L,W,,bicyclist,not_drinking,not_applicable,,proceeding_straight,emergency_vehicle,2021,2021-05-07,16:20,5,Rose,Juanita,0.0,,Y,A,3,0,2,2,A,08,N,D,G,A,A,H,A,,Y,,L,0,2,0,0,0,0,2,37.87760925292969,-122.28652191162108,ALAMEDA,BERKELEY,other_visible_injury,broadside,bicycle,daylight,clear,dry,no,no_pedestrian,Friday,improper_turning
9288408,2,4,N,M,43.0,A,-,-,N,-,0,1,B,,-,L,H,,bicyclist,not_drinking,not_applicable,other,proceeding_straight,emergency_vehicle,2021,2021-05-07,16:20,5,Rose,Juanita,0.0,,Y,A,3,0,2,2,A,08,N,D,G,A,A,H,A,,Y,,L,0,2,0,0,0,0,2,37.87760925292969,-122.28652191162108,ALAMEDA,BERKELEY,other_visible_injury,broadside,bicycle,daylight,clear,dry,no,no_pedestrian,Friday,improper_turning
9288435,1,1,Y,F,45.0,A,-,M,N,-,0,0,G,2015.0,-,A,W,,driver,not_drinking,airbag,,making_U_turn,passenger_car,2021,2021-05-22,10:21,6,Marin,Colusa Av,90.0,W,N,A,3,0,1,2,A,21,N,G,B,F,A,H,A,Y,,,A,0,1,0,0,1,0,0,37.88998031616211,-122.27932739257812,ALAMEDA,BERKELEY,other_visible_injury,vehicle_pedestrian,pedestrian,daylight,clear,dry,no,not_in_road,Saturday,unsafe_speed
9288435,2,2,N,F,87.0,H,H,-,N,-,0,1,B,,-,N,A,,pedestrian,impairment_physical,not_applicable,white,proceeding_straight,city_bus,2021,2021-05-22,10:21,6,Marin,Colusa Av,90.0,W,N,A,3,0,1,2,A,21,N,G,B,F,A,H,A,Y,,,A,0,1,0,0,1,0,0,37.88998031616211,-122.27932739257812,ALAMEDA,BERKELEY,other_visible_injury,vehicle_pedestrian,pedestrian,daylight,clear,dry,no,not_in_road,Saturday,unsafe_speed
9291354,1,1,Y,M,29.0,A,-,M,N,-,0,0,D,2020.0,-,A,O,,driver,not_drinking,airbag,,ran_off_road_left,passenger_car,2021,2021-03-23,16:45,2,Marin,Carmel,0.0,,Y,A,3,0,1,2,A,08,N,D,G,A,A,H,A,,Y,,A,0,1,0,0,0,0,1,37.89067077636719,-122.29192352294922,ALAMEDA,ALBANY,other_visible_injury,broadside,bicycle,daylight,clear,dry,no,no_pedestrian,Tuesday,improper_turning
9291354,2,4,N,M,17.0,A,-,-,N,-,0,1,-,,-,L,W,,bicyclist,not_drinking,not_applicable,,unknown,emergency_vehicle,2021,2021-03-23,16:45,2,Marin,Carmel,0.0,,Y,A,3,0,1,2,A,08,N,D,G,A,A,H,A,,Y,,A,0,1,0,0,0,0,1,37.89067077636719,-122.29192352294922,ALAMEDA,ALBANY,other_visible_injury,broadside,bicycle,daylight,clear,dry,no,no_pedestrian,Tuesday,improper_turning
9291860,1,4,Y,M,12.0,A,-,-,N,-,0,1,-,,-,L,W,,bicyclist,not_drinking,not_applicable,,unknown,emergency_vehicle,2020,2020-08-25,17:04,2,Marin Av,Kains Av,0.0,,Y,A,3,0,1,2,A,05,F,H,G,A,A,H,A,,Y,Y,L,0,1,0,0,0,0,1,37.88692855834961,-122.29689025878906,ALAMEDA,ALBANY,other_visible_injury,other,bicycle,daylight,clear,dry,felony,no_pedestrian,Tuesday,wrong_side_of_road
9291860,2,1,N,F,,D,-,B,N,-,0,0,B,,-,A,B,,driver,impairment_unknown,unknown,hispanic,proceeding_straight,passenger_car,2020,2020-08-25,17:04,2,Marin Av,Kains Av,0.0,,Y,A,3,0,1,2,A,05,F,H,G,A,A,H,A,,Y,Y,L,0,1,0,0,0,0,1,37.88692855834961,-122.29689025878906,ALAMEDA,ALBANY,other_visible_injury,other,bicycle,daylight,clear,dry,felony,no_pedestrian,Tuesday,wrong_side_of_road
9291867,1,1,Y,F,48.0,A,-,M,M,-,0,0,D,2011.0,-,A,W,,driver,not_drinking,airbag,,ran_off_road_left,passenger_car,2020,2020-12-27,10:44,7,Masonic Av,Solano,4.0,E,N,A,3,0,1,2,A,12,N,A,G,A,A,H,A,,Y,,A,0,1,0,0,0,0,1,37.89057922363281,-122.2935791015625,ALAMEDA,ALBANY,other_visible_injury,head_on,bicycle,daylight,clear,dry,no,no_pedestrian,Sunday,traffic_signals
9291867,2,4,N,F,51.0,A,-,-,M,-,0,1,-,,-,L,,,bicyclist,not_drinking,not_applicable,,unknown,emergency_vehicle,2020,2020-12-27,10:44,7,Masonic Av,Solano,4.0,E,N,A,3,0,1,2,A,12,N,A,G,A,A,H,A,,Y,,A,0,1,0,0,0,0,1,37.89057922363281,-122.2935791015625,ALAMEDA,ALBANY,other_visible_injury,head_on,bicycle,daylight,clear,dry,no,no_pedestrian,Sunday,traffic_signals
9291892,1,4,Y,M,,A,-,-,N,-,0,1,-,,-,L,W,,bicyclist,not_drinking,not_applicable,,unknown,emergency_vehicle,2020,2020-10-15,20:44,4,Marin Av,Masonic Av,0.0,,Y,A,3,0,1,2,A,09,N,H,G,A,A,H,C,,Y,,L,0,1,0,0,0,0,1,37.88774108886719,-122.29266357421876,ALAMEDA,ALBANY,other_visible_injury,other,bicycle,dark_street_lights,clear,dry,no,no_pedestrian,Thursday,automobile_right_of_way
9291892,2,1,N,M,27.0,A,-,M,N,-,0,0,B,1997.0,-,A,H,,driver,not_drinking,airbag,other,proceeding_straight,passenger_car,2020,2020-10-15,20:44,4,Marin Av,Masonic Av,0.0,,Y,A,3,0,1,2,A,09,N,H,G,A,A,H,C,,Y,,L,0,1,0,0,0,0,1,37.88774108886719,-122.29266357421876,ALAMEDA,ALBANY,other_visible_injury,other,bicycle,dark_street_lights,clear,dry,no,no_pedestrian,Thursday,automobile_right_of_way
9291912,1,1,Y,M,36.0,A,-,M,N,-,0,0,B,2013.0,FORD,A,W,,driver,not_drinking,airbag,,proceeding_straight,passenger_car,2020,2020-11-12,18:07,4,Solano,Light Standard #1102534,63.0,N,N,A,3,0,1,2,A,10,N,G,B,B,A,H,C,Y,,,A,0,1,0,0,1,0,0,37.89017868041992,-122.29808807373048,ALAMEDA,ALBANY,other_visible_injury,vehicle_pedestrian,pedestrian,dark_street_lights,clear,dry,no,crossing_in_crosswalk_at_intersection,Thursday,pedestrian_right_of_way
9291912,2,2,N,F,35.0,A,-,-,N,-,0,1,-,,-,N,W,,pedestrian,not_drinking,not_applicable,,unknown,city_bus,2020,2020-11-12,18:07,4,Solano,Light Standard #1102534,63.0,N,N,A,3,0,1,2,A,10,N,G,B,B,A,H,C,Y,,,A,0,1,0,0,1,0,0,37.89017868041992,-122.29808807373048,ALAMEDA,ALBANY,other_visible_injury,vehicle_pedestrian,pedestrian,dark_street_lights,clear,dry,no,crossing_in_crosswalk_at_intersection,Thursday,pedestrian_right_of_way
9293364,1,1,Y,M,78.0,A,-,M,N,-,0,0,D,2018.0,-,A,A,,driver,not_drinking,airbag,white,ran_off_road_left,passenger_car,2021,2021-02-25,12:01,4,Pierce,Buchanan,0.0,,Y,A,3,0,1,2,A,10,N,G,B,B,A,H,A,Y,,,A,0,1,0,0,1,0,0,,,ALAMEDA,ALBANY,other_visible_injury,vehicle_pedestrian,pedestrian,daylight,clear,dry,no,crossing_in_crosswalk_at_intersection,Thursday,pedestrian_right_of_way
9293364,2,2,N,F,28.0,A,-,-,M,-,0,1,-,,-,N,B,,pedestrian,not_drinking,not_applicable,hispanic,unknown,city_bus,2021,2021-02-25,12:01,4,Pierce,Buchanan,0.0,,Y,A,3,0,1,2,A,10,N,G,B,B,A,H,A,Y,,,A,0,1,0,0,1,0,0,,,ALAMEDA,ALBANY,other_visible_injury,vehicle_pedestrian,pedestrian,daylight,clear,dry,no,crossing_in_crosswalk_at_intersection,Thursday,pedestrian_right_of_way
9294172,1,1,Y,M,,G,G,-,-,-,0,0,K,,MINI,A,W,,driver,not_applicable,not_applicable,,changing_lanes,passenger_car,2021,2021-06-18,16:01,5,Gilman,Evelyn St,59.0,E,N,A,4,0,1,2,A,08,F,B,G,A,A,H,A,,Y,,A,0,0,1,0,0,0,1,,,ALAMEDA,BERKELEY,complaint_of_pain,sideswipe,bicycle,daylight,clear,dry,felony,no_pedestrian,Friday,improper_turning
9294172,2,4,N,M,43.0,A,-,-,-,-,0,1,B,,-,L,H,,bicyclist,not_drinking,not_applicable,other,proceeding_straight,emergency_vehicle,2021,2021-06-18,16:01,5,Gilman,Evelyn St,59.0,E,N,A,4,0,1,2,A,08,F,B,G,A,A,H,A,,Y,,A,0,0,1,0,0,0,1,,,ALAMEDA,BERKELEY,complaint_of_pain,sideswipe,bicycle,daylight,clear,dry,felony,no_pedestrian,Friday,improper_turning
9294175,1,4,Y,M,74.0,A,-,-,F,-,0,1,B,,-,L,W,-,bicyclist,not_drinking,not_applicable,,proceeding_straight,emergency_vehicle,2021,2021-06-17,11:42,4,Mcgee,Virginia,0.0,,Y,A,2,0,1,2,A,08,N,H,G,A,A,H,A,,Y,,L,1,0,0,0,0,0,1,37.87543869018555,-122.27802276611328,ALAMEDA,BERKELEY,severe_injury,other,bicycle,daylight,clear,dry,no,no_pedestrian,Thursday,improper_turning
9294175,2,4,N,F,62.0,A,-,-,N,-,0,0,B,,-,L,W,,bicyclist,not_drinking,not_applicable,,proceeding_straight,emergency_vehicle,2021,2021-06-17,11:42,4,Mcgee,Virginia,0.0,,Y,A,2,0,1,2,A,08,N,H,G,A,A,H,A,,Y,,L,1,0,0,0,0,0,1,37.87543869018555,-122.27802276611328,ALAMEDA,BERKELEY,severe_injury,other,bicycle,daylight,clear,dry,no,no_pedestrian,Thursday,improper_turning
9294177,1,1,Y,F,17.0,A,-,M,A,-,0,0,E,2018.0,-,A,W,,driver,not_drinking,airbag,,making_right_turn,passenger_car,2021,2021-06-17,07:59,4,6Th,Allston,0.0,,Y,A,3,0,1,2,A,10,N,G,B,B,A,H,A,Y,,,A,0,1,0,0,1,0,0,,,ALAMEDA,BERKELEY,other_visible_injury,vehicle_pedestrian,pedestrian,daylight,clear,dry,no,crossing_in_crosswalk_at_intersection,Thursday,pedestrian_right_of_way
9294177,2,2,N,F,41.0,A,-,-,N,-,0,1,B,,-,N,W,,pedestrian,not_drinking,not_applicable,,proceeding_straight,city_bus,2021,2021-06-17,07:59,4,6Th,Allston,0.0,,Y,A,3,0,1,2,A,10,N,G,B,B,A,H,A,Y,,,A,0,1,0,0,1,0,0,,,ALAMEDA,BERKELEY,other_visible_injury,vehicle_pedestrian,pedestrian,daylight,clear,dry,no,crossing_in_crosswalk_at_intersection,Thursday,pedestrian_right_of_way
9294178,1,1,Y,M,56.0,A,-,M,A,-,0,0,E,2009.0,-,A,O,,driver,not_drinking,airbag,,making_right_turn,passenger_car,2021,2021-06-16,09:00,3,Ward,Grant,0.0,,Y,A,3,0,1,2,A,12,N,A,G,A,A,H,A,,Y,,A,0,1,0,0,0,0,1,37.858638763427734,-122.27335357666016,ALAMEDA,BERKELEY,other_visible_injury,head_on,bicycle,daylight,clear,dry,no,no_pedestrian,Wednesday,traffic_signals
9294178,2,4,N,M,19.0,A,-,-,-,-,0,1,B,,-,L,W,,bicyclist,not_drinking,not_applicable,,proceeding_straight,emergency_vehicle,2021,2021-06-16,09:00,3,Ward,Grant,0.0,,Y,A,3,0,1,2,A,12,N,A,G,A,A,H,A,,Y,,A,0,1,0,0,0,0,1,37.858638763427734,-122.27335357666016,ALAMEDA,BERKELEY,other_visible_injury,head_on,bicycle,daylight,clear,dry,no,no_pedestrian,Wednesday,traffic_signals
9303651,1,1,N,M,20.0,A,-,M,A,-,0,0,D,2005.0,-,A,,,driver,not_drinking,airbag,,ran_off_road_left,passenger_car,2021,2021-07-16,10:30,5,Masonic,Marin,0.0,,Y,A,2,0,1,2,D,00,N,G,B,B,A,H,A,Y,,,-,1,0,0,0,1,0,0,37.88774108886719,-122.29266357421876,ALAMEDA,ALBANY,severe_injury,vehicle_pedestrian,pedestrian,daylight,clear,dry,no,crossing_in_crosswalk_at_intersection,Friday,unknown
9303651,2,2,N,F,66.0,A,-,-,M,-,0,1,-,,-,N,W,,pedestrian,not_drinking,not_applicable,,unknown,city_bus,2021,2021-07-16,10:30,5,Masonic,Marin,0.0,,Y,A,2,0,1,2,D,00,N,G,B,B,A,H,A,Y,,,-,1,0,0,0,1,0,0,37.88774108886719,-122.29266357421876,ALAMEDA,ALBANY,severe_injury,vehicle_pedestrian,pedestrian,daylight,clear,dry,no,crossing_in_crosswalk_at_intersection,Friday,unknown
9312256,1,1,Y,F,85.0,A,-,M,N,-,0,0,D,2006.0,-,A,W,,driver,not_drinking,airbag,,ran_off_road_left,passenger_car,2021,2021-07-26,21:54,1,Telegraph,Rt 13,0.0,,Y,A,3,0,1,2,A,10,N,G,B,B,A,H,C,Y,,,A,0,1,0,0,1,0,0,37.85593032836914,-122.25939178466795,ALAMEDA,BERKELEY,other_visible_injury,vehicle_pedestrian,pedestrian,dark_street_lights,clear,dry,no,crossing_in_crosswalk_at_intersection,Monday,pedestrian_right_of_way
9312256,2,2,N,F,26.0,A,-,-,N,-,0,1,B,,-,N,O,,pedestrian,not_drinking,not_applicable,,proceeding_straight,city_bus,2021,2021-07-26,21:54,1,Telegraph,Rt 13,0.0,,Y,A,3,0,1,2,A,10,N,G,B,B,A,H,C,Y,,,A,0,1,0,0,1,0,0,37.85593032836914,-122.25939178466795,ALAMEDA,BERKELEY,other_visible_injury,vehicle_pedestrian,pedestrian,dark_street_lights,clear,dry,no,crossing_in_crosswalk_at_intersection,Monday,pedestrian_right_of_way
9312314,1,1,Y,M,71.0,A,-,M,N,-,0,0,D,2001.0,-,A,B,,driver,not_drinking,airbag,hispanic,ran_off_road_left,passenger_car,2021,2021-07-06,19:24,2,Gilman,Rt 80,0.0,,Y,A,3,0,1,2,A,10,N,G,B,B,A,H,A,Y,,,A,0,1,0,0,1,0,0,37.878299713134766,-122.30657196044922,ALAMEDA,BERKELEY,other_visible_injury,vehicle_pedestrian,pedestrian,daylight,clear,dry,no,crossing_in_crosswalk_at_intersection,Tuesday,pedestrian_right_of_way
9312314,2,2,N,F,24.0,A,-,-,N,-,0,1,B,,-,N,O,,pedestrian,not_drinking,not_applicable,,proceeding_straight,city_bus,2021,2021-07-06,19:24,2,Gilman,Rt 80,0.0,,Y,A,3,0,1,2,A,10,N,G,B,B,A,H,A,Y,,,A,0,1,0,0,1,0,0,37.878299713134766,-122.30657196044922,ALAMEDA,BERKELEY,other_visible_injury,vehicle_pedestrian,pedestrian,daylight,clear,dry,no,crossing_in_crosswalk_at_intersection,Tuesday,pedestrian_right_of_way
9312315,1,1,Y,M,50.0,A,-,M,N,-,0,0,D,2006.0,-,A,A,,driver,not_drinking,airbag,white,ran_off_road_left,passenger_car,2021,2021-07-13,18:05,2,San Pablo,Addison,0.0,,Y,B,3,0,1,2,A,12,F,B,G,A,A,H,A,,Y,,A,0,1,0,0,0,0,1,37.86814880371094,-122.29180908203124,ALAMEDA,BERKELEY,other_visible_injury,sideswipe,bicycle,daylight,cloudy,dry,felony,no_pedestrian,Tuesday,traffic_signals
9312315,2,4,N,F,24.0,A,-,-,N,-,0,1,B,,-,L,H,,bicyclist,not_drinking,not_applicable,other,proceeding_straight,emergency_vehicle,2021,2021-07-13,18:05,2,San Pablo,Addison,0.0,,Y,B,3,0,1,2,A,12,F,B,G,A,A,H,A,,Y,,A,0,1,0,0,0,0,1,37.86814880371094,-122.29180908203124,ALAMEDA,BERKELEY,other_visible_injury,sideswipe,bicycle,daylight,cloudy,dry,felony,no_pedestrian,Tuesday,traffic_signals
9317480,1,4,Y,M,38.0,A,-,P,-,-,0,1,B,,-,L,W,,bicyclist,not_drinking,,,proceeding_straight,emergency_vehicle,2021,2021-07-16,20:35,5,4Th,Addison St,245.0,,N,A,4,0,1,1,A,- ,N,H,G,A,A,A,B,,Y,,L,0,0,1,0,0,0,1,37.86563873291016,-122.29885864257812,ALAMEDA,BERKELEY,complaint_of_pain,other,bicycle,dusk_dawn,clear,dry,no,no_pedestrian,Friday,
9317593,1,4,Y,F,23.0,A,-,-,A,-,0,1,B,,-,L,A,,bicyclist,not_drinking,not_applicable,white,proceeding_straight,emergency_vehicle,2021,2021-07-27,18:35,2,Sacramento St,Delaware St,0.0,,Y,A,3,0,1,2,A,03,N,D,G,A,A,A,A,,Y,,L,0,1,0,0,0,0,1,37.873069763183594,-122.28224182128906,ALAMEDA,BERKELEY,other_visible_injury,broadside,bicycle,daylight,clear,dry,no,no_pedestrian,Tuesday,unsafe_speed
9317593,2,1,N,M,73.0,A,-,M,N,-,0,0,E,2017.0,-,A,W,,driver,not_drinking,airbag,,making_right_turn,passenger_car,2021,2021-07-27,18:35,2,Sacramento St,Delaware St,0.0,,Y,A,3,0,1,2,A,03,N,D,G,A,A,A,A,,Y,,L,0,1,0,0,0,0,1,37.873069763183594,-122.28224182128906,ALAMEDA,BERKELEY,other_visible_injury,broadside,bicycle,daylight,clear,dry,no,no_pedestrian,Tuesday,unsafe_speed
9317595,1,4,Y,F,28.0,A,-,-,-,-,0,1,B,,-,L,A,,bicyclist,not_drinking,not_applicable,white,proceeding_straight,emergency_vehicle,2021,2021-07-25,15:05,7,10Th St,Carleton St,0.0,,Y,A,3,0,1,2,A,12,N,H,G,A,A,H,A,,Y,,L,0,1,0,0,0,0,1,37.857769012451165,-122.28972625732422,ALAMEDA,BERKELEY,other_visible_injury,other,bicycle,daylight,clear,dry,no,no_pedestrian,Sunday,traffic_signals
9317595,2,1,N,M,36.0,A,-,M,N,-,0,0,B,2009.0,-,A,B,,driver,not_drinking,airbag,hispanic,proceeding_straight,passenger_car,2021,2021-07-25,15:05,7,10Th St,Carleton St,0.0,,Y,A,3,0,1,2,A,12,N,H,G,A,A,H,A,,Y,,L,0,1,0,0,0,0,1,37.857769012451165,-122.28972625732422,ALAMEDA,BERKELEY,other_visible_injury,other,bicycle,daylight,clear,dry,no,no_pedestrian,Sunday,traffic_signals
9317597,1,1,Y,M,22.0,A,-,M,N,-,0,0,D,2013.0,-,A,W,,driver,not_drinking,airbag,,ran_off_road_left,passenger_car,2021,2021-07-21,18:30,3,Cedar St,Oxford St,0.0,,Y,A,3,0,1,2,A,10,N,G,B,B,A,H,A,Y,,,A,0,1,0,0,1,0,0,37.87871170043945,-122.26686096191406,ALAMEDA,BERKELEY,other_visible_injury,vehicle_pedestrian,pedestrian,daylight,clear,dry,no,crossing_in_crosswalk_at_intersection,Wednesday,pedestrian_right_of_way
9317597,2,2,N,F,61.0,A,-,-,N,-,0,1,B,,-,N,B,,pedestrian,not_drinking,not_applicable,hispanic,proceeding_straight,city_bus,2021,2021-07-21,18:30,3,Cedar St,Oxford St,0.0,,Y,A,3,0,1,2,A,10,N,G,B,B,A,H,A,Y,,,A,0,1,0,0,1,0,0,37.87871170043945,-122.26686096191406,ALAMEDA,BERKELEY,other_visible_injury,vehicle_pedestrian,pedestrian,daylight,clear,dry,no,crossing_in_crosswalk_at_intersection,Wednesday,pedestrian_right_of_way
9319627,1,4,Y,M,19.0,A,-,-,-,-,0,1,L,,-,L,B,,bicyclist,not_drinking,not_applicable,hispanic,parking_maneuver,emergency_vehicle,2021,2021-07-11,21:30,7,Hearst,Shattuck,0.0,,Y,A,3,0,1,2,A,12,N,D,G,A,A,H,C,,Y,,L,0,1,0,0,0,0,1,37.8738899230957,-122.2685775756836,ALAMEDA,BERKELEY,other_visible_injury,broadside,bicycle,dark_street_lights,clear,dry,no,no_pedestrian,Sunday,traffic_signals
9319627,2,1,N,F,51.0,A,-,M,-,-,0,0,B,2016.0,-,A,A,,driver,not_drinking,airbag,white,proceeding_straight,passenger_car,2021,2021-07-11,21:30,7,Hearst,Shattuck,0.0,,Y,A,3,0,1,2,A,12,N,D,G,A,A,H,C,,Y,,L,0,1,0,0,0,0,1,37.8738899230957,-122.2685775756836,ALAMEDA,BERKELEY,other_visible_injury,broadside,bicycle,dark_street_lights,clear,dry,no,no_pedestrian,Sunday,traffic_signals
9319629,1,1,N,M,60.0,A,-,M,-,-,0,0,B,2015.0,-,A,O,,driver,not_drinking,airbag,,proceeding_straight,passenger_car,2021,2021-07-09,19:00,5,Grant Av,Stuart St,0.0,,Y,A,3,0,1,2,D,00,N,A,G,A,-,H,A,,Y,,-,0,1,0,0,0,0,1,37.85774993896485,-122.2731704711914,ALAMEDA,BERKELEY,other_visible_injury,head_on,bicycle,daylight,clear,,no,no_pedestrian,Friday,unknown
9319629,2,4,N,M,9.0,A,-,-,-,-,0,1,B,,-,L,O,,bicyclist,not_drinking,not_applicable,,proceeding_straight,emergency_vehicle,2021,2021-07-09,19:00,5,Grant Av,Stuart St,0.0,,Y,A,3,0,1,2,D,00,N,A,G,A,-,H,A,,Y,,-,0,1,0,0,0,0,1,37.85774993896485,-122.2731704711914,ALAMEDA,BERKELEY,other_visible_injury,head_on,bicycle,daylight,clear,,no,no_pedestrian,Friday,unknown