case_id,party_number,party_type,at_fault,party_sex,party_age,party_sobriety,party_drug_physical,party_safety_equip_1,oaf_1,oaf_2,party_number_killed,party_number_injured,move_pre_acc,vehicle_year,vehicle_make,stwd_vehicle_type,race,inattention,party_type_label,sobriety_label,safety_equip_label,race_label,move_pre_acc_label,vehicle_type_label,accident_year,collision_date,collision_time,day_of_week,primary_rd,secondary_rd,distance,direction,intersection,weather_1,collision_severity,number_killed,number_injured,party_count,primary_coll_factor,pcf_viol_category,hit_and_run,type_of_collision,mviw,ped_action,road_surface,road_cond_1,lighting,pedestrian_accident,bicycle_accident,alcohol_involved,stwd_vehtype_at_fault,count_severe_inj,count_visible_inj,count_complaint_pain,count_ped_killed,count_ped_injured,count_bicyclist_killed,count_bicyclist_injured,latitude,longitude,county,city,severity_label,collision_type_label,mviw_label,lighting_label,weather_label,road_surface_label,hit_and_run_label,ped_action_label,day_of_week_label,pcf_category_label
9364071,1,1,Y,M,31.0,G,G,M,A,-,0,0,E,2008.0,-,A,H,,driver,not_applicable,airbag,other,making_right_turn,passenger_car,2021,2021-10-10,16:50,7,Telegraph,Stuart,0.0,,Y,A,4,0,1,2,A,10,F,G,B,B,A,H,A,Y,,,A,0,0,1,0,1,0,0,37.85953903198242,-122.25920867919922,ALAMEDA,BERKELEY,complaint_of_pain,vehicle_pedestrian,pedestrian,daylight,clear,dry,felony,crossing_in_crosswalk_at_intersection,Sunday,pedestrian_right_of_way
9364071,2,2,N,F,44.0,A,-,-,M,-,0,1,B,,-,N,W,,pedestrian,not_drinking,not_applicable,,proceeding_straight,city_bus,2021,2021-10-10,16:50,7,Telegraph,Stuart,0.0,,Y,A,4,0,1,2,A,10,F,G,B,B,A,H,A,Y,,,A,0,0,1,0,1,0,0,37.85953903198242,-122.25920867919922,ALAMEDA,BERKELEY,complaint_of_pain,vehicle_pedestrian,pedestrian,daylight,clear,dry,felony,crossing_in_crosswalk_at_intersection,Sunday,pedestrian_right_of_way
9364086,1,1,Y,M,19.0,A,-,M,F,-,0,0,B,2001.0,-,A,W,-,driver,not_drinking,airbag,,proceeding_straight,passenger_car,2021,2021-10-07,18:02,4,Dwight,Bowditch,0.0,,Y,A,3,0,1,2,A,10,N,D,B,B,A,H,A,Y,,,A,0,1,0,0,1,0,0,37.865379333496094,-122.25650787353516,ALAMEDA,BERKELEY,other_visible_injury,broadside,pedestrian,daylight,clear,dry,no,crossing_in_crosswalk_at_intersection,Thursday,pedestrian_right_of_way
9364086,2,2,N,M,19.0,A,-,-,N,-,0,1,B,,-,N,O,,pedestrian,not_drinking,not_applicable,,proceeding_straight,city_bus,2021,2021-10-07,18:02,4,Dwight,Bowditch,0.0,,Y,A,3,0,1,2,A,10,N,D,B,B,A,H,A,Y,,,A,0,1,0,0,1,0,0,37.865379333496094,-122.25650787353516,ALAMEDA,BERKELEY,other_visible_injury,broadside,pedestrian,daylight,clear,dry,no,crossing_in_crosswalk_at_intersection,Thursday,pedestrian_right_of_way
9364088,1,1,N,F,41.0,A,-,M,N,-,0,0,D,2017.0,-,A,W,,driver,not_drinking,airbag,,ran_off_road_left,passenger_car,2021,2021-10-07,16:00,4,Parker,Martin Luther King Jr,0.0,,Y,A,3,0,1,2,A,05,N,D,G,A,A,H,A,,Y,,L,0,1,0,0,0,0,1,,,ALAMEDA,BERKELEY,other_visible_injury,broadside,bicycle,daylight,clear,dry,no,no_pedestrian,Thursday,wrong_side_of_road
9364088,2,4,Y,F,31.0,A,-,-,A,N,0,1,B,,-,L,H,,bicyclist,not_drinking,not_applicable,other,proceeding_straight,emergency_vehicle,2021,2021-10-07,16:00,4,Parker,Martin Luther King Jr,0.0,,Y,A,3,0,1,2,A,05,N,D,G,A,A,H,A,,Y,,L,0,1,0,0,0,0,1,,,ALAMEDA,BERKELEY,other_visible_injury,broadside,bicycle,daylight,clear,dry,no,no_pedestrian,Thursday,wrong_side_of_road
9364089,1,1,Y,F,21.0,C,-,M,N,-,0,0,A,2013.0,-,A,A,,driver,under_influence,airbag,white,stopped,passenger_car,2021,2021-10-06,23:34,3,Adeline,Stuart,0.0,,Y,A,3,0,1,2,A,09,N,D,G,A,-,H,C,,Y,Y,A,0,1,0,0,0,0,1,37.858421325683594,-122.26773071289062,ALAMEDA,BERKELEY,other_visible_injury,broadside,bicycle,dark_street_lights,clear,,no,no_pedestrian,Wednesday,automobile_right_of_way
9364089,2,4,N,M,31.0,B,-,-,-,-,0,1,B,,-,L,H,,bicyclist,drinking_not_under_influence,not_applicable,other,proceeding_straight,emergency_vehicle,2021,2021-10-06,23:34,3,Adeline,Stuart,0.0,,Y,A,3,0,1,2,A,09,N,D,G,A,-,H,C,,Y,Y,A,0,1,0,0,0,0,1,37.858421325683594,-122.26773071289062,ALAMEDA,BERKELEY,other_visible_injury,broadside,bicycle,dark_street_lights,clear,,no,no_pedestrian,Wednesday,automobile_right_of_way
9364092,1,1,N,M,,G,G,-,N,-,0,0,B,,-,A,H,,driver,not_applicable,not_applicable,other,proceeding_straight,passenger_car,2021,2021-10-05,17:45,2,Sacramento,Alcatraz Av,40.0,N,N,A,2,0,1,2,A,11,F,G,B,D,A,H,A,Y,,,N,1,0,0,0,1,0,0,,,ALAMEDA,BERKELEY,severe_injury,vehicle_pedestrian,pedestrian,daylight,clear,dry,felony,crossing_not_in_crosswalk,Tuesday,pedestrian_violation
9364092,2,2,Y,F,29.0,A,-,-,N,-,0,1,R,,-,N,O,,pedestrian,not_drinking,not_applicable,,traveling_wrong_way,city_bus,2021,2021-10-05,17:45,2,Sacramento,Alcatraz Av,40.0,N,N,A,2,0,1,2,A,11,F,G,B,D,A,H,A,Y,,,N,1,0,0,0,1,0,0,,,ALAMEDA,BERKELEY,severe_injury,vehicle_pedestrian,pedestrian,daylight,clear,dry,felony,crossing_not_in_crosswalk,Tuesday,pedestrian_violation
9364094,1,1,Y,-,,G,G,-,A,-,0,0,B,,-,A,,,driver,not_applicable,not_applicable,,proceeding_straight,passenger_car,2021,2021-10-03,02:03,7,Channing,Ellsworth,0.0,,Y,A,4,0,2,3,A,12,F,G,B,B,A,H,C,Y,,Y,A,0,0,2,0,2,0,0,37.86653137207031,-122.26383209228516,ALAMEDA,BERKELEY,complaint_of_pain,vehicle_pedestrian,pedestrian,dark_street_lights,clear,dry,felony,crossing_in_crosswalk_at_intersection,Sunday,traffic_signals
9364094,2,2,N,M,19.0,B,-,-,N,-,0,1,R,,-,N,A,,pedestrian,drinking_not_under_influence,not_applicable,white,traveling_wrong_way,city_bus,2021,2021-10-03,02:03,7,Channing,Ellsworth,0.0,,Y,A,4,0,2,3,A,12,F,G,B,B,A,H,C,Y,,Y,A,0,0,2,0,2,0,0,37.86653137207031,-122.26383209228516,ALAMEDA,BERKELEY,complaint_of_pain,vehicle_pedestrian,pedestrian,dark_street_lights,clear,dry,felony,crossing_in_crosswalk_at_intersection,Sunday,traffic_signals
9364094,3,2,N,M,19.0,B,-,-,N,-,0,1,R,,-,N,A,,pedestrian,drinking_not_under_influence,not_applicable,white,traveling_wrong_way,city_bus,2021,2021-10-03,02:03,7,Channing,Ellsworth,0.0,,Y,A,4,0,2,3,A,12,F,G,B,B,A,H,C,Y,,Y,A,0,0,2,0,2,0,0,37.86653137207031,-122.26383209228516,ALAMEDA,BERKELEY,complaint_of_pain,vehicle_pedestrian,pedestrian,dark_street_lights,clear,dry,felony,crossing_in_crosswalk_at_intersection,Sunday,traffic_signals
9364251,1,1,Y,F,32.0,-,I,M,M,N,0,1,B,2013.0,-,A,A,,driver,unknown,airbag,white,proceeding_straight,passenger_car,2021,2021-10-26,16:23,2,9Th Av,Page,0.0,,Y,A,3,0,1,3,A,08,N,B,G,A,A,H,A,,Y,,A,0,1,0,0,0,0,0,37.87709045410156,-122.29712677001952,ALAMEDA,BERKELEY,other_visible_injury,sideswipe,bicycle,daylight,clear,dry,no,no_pedestrian,Tuesday,improper_turning
9364251,2,4,N,M,69.0,A,-,-,N,-,0,0,B,,-,L,W,,bicyclist,not_drinking,not_applicable,,proceeding_straight,emergency_vehicle,2021,2021-10-26,16:23,2,9Th Av,Page,0.0,,Y,A,3,0,1,3,A,08,N,B,G,A,A,H,A,,Y,,A,0,1,0,0,0,0,0,37.87709045410156,-122.29712677001952,ALAMEDA,BERKELEY,other_visible_injury,sideswipe,bicycle,daylight,clear,dry,no,no_pedestrian,Tuesday,improper_turning
9364251,3,3,N,-,,H,H,-,N,-,0,0,O,2017.0,FORD,D,,,parked_vehicle,impairment_physical,not_applicable,,crossed_into_opposing_lane,pickup_truck,2021,2021-10-26,16:23,2,9Th Av,Page,0.0,,Y,A,3,0,1,3,A,08,N,B,G,A,A,H,A,,Y,,A,0,1,0,0,0,0,0,37.87709045410156,-122.29712677001952,ALAMEDA,BERKELEY,other_visible_injury,sideswipe,bicycle,daylight,clear,dry,no,no_pedestrian,Tuesday,improper_turning
9367178,1,1,N,-,,G,G,-,A,-,0,0,B,,-,-,,,driver,not_applicable,not_applicable,,proceeding_straight,,2021,2021-10-19,23:20,2,Frontage,Gilman St,2112.0,S,N,B,2,0,1,2,A,11,F,G,B,E,B,H,C,Y,,,N,1,0,0,0,1,0,0,37.87800979614258,-122.30796051025392,ALAMEDA,BERKELEY,severe_injury,vehicle_pedestrian,pedestrian,dark_street_lights,cloudy,wet,felony,in_road_includes_shoulder,Tuesday,pedestrian_violation
9367178,2,2,Y,M,33.0,H,H,-,A,-,0,1,R,,-,N,H,,pedestrian,impairment_physical,not_applicable,other,traveling_wrong_way,city_bus,2021,2021-10-19,23:20,2,Frontage,Gilman St,2112.0,S,N,B,2,0,1,2,A,11,F,G,B,E,B,H,C,Y,,,N,1,0,0,0,1,0,0,37.87800979614258,-122.30796051025392,ALAMEDA,BERKELEY,severe_injury,vehicle_pedestrian,pedestrian,dark_street_lights,cloudy,wet,felony,in_road_includes_shoulder,Tuesday,pedestrian_violation
9367925,1,1,Y,F,78.0,A,-,M,A,N,0,0,B,2016.0,-,A,W,,driver,not_drinking,airbag,,proceeding_straight,passenger_car,2021,2021-10-25,19:20,1,Solano,Ordway,0.0,,Y,A,2,0,1,2,A,03,N,G,B,B,A,H,C,Y,,,A,1,0,0,0,1,0,0,,,ALAMEDA,ALBANY,severe_injury,vehicle_pedestrian,pedestrian,dark_street_lights,clear,dry,no,crossing_in_crosswalk_at_intersection,Monday,unsafe_speed
9367925,2,2,N,F,55.0,H,H,-,N,-,0,1,-,,-,N,A,,pedestrian,impairment_physical,not_applicable,white,unknown,city_bus,2021,2021-10-25,19:20,1,Solano,Ordway,0.0,,Y,A,2,0,1,2,A,03,N,G,B,B,A,H,C,Y,,,A,1,0,0,0,1,0,0,,,ALAMEDA,ALBANY,severe_injury,vehicle_pedestrian,pedestrian,dark_street_lights,clear,dry,no,crossing_in_crosswalk_at_intersection,Monday,unsafe_speed
9367926,1,1,Y,F,79.0,A,-,M,G,-,0,0,E,2010.0,FORD,A,W,,driver,not_drinking,airbag,,making_right_turn,passenger_car,2021,2021-10-25,08:41,1,Solano,Pierce Av,0.0,,Y,B,3,0,1,2,A,05,N,D,G,A,B,H,A,,Y,,A,0,1,0,0,0,0,1,37.88895034790039,-122.30577850341795,ALAMEDA,ALBANY,other_visible_injury,broadside,bicycle,daylight,cloudy,wet,no,no_pedestrian,Monday,wrong_side_of_road
9367926,2,4,N,M,51.0,A,-,-,G,-,0,1,-,,-,L,O,,bicyclist,not_drinking,not_applicable,,unknown,emergency_vehicle,2021,2021-10-25,08:41,1,Solano,Pierce Av,0.0,,Y,B,3,0,1,2,A,05,N,D,G,A,B,H,A,,Y,,A,0,1,0,0,0,0,1,37.88895034790039,-122.30577850341795,ALAMEDA,ALBANY,other_visible_injury,broadside,bicycle,daylight,cloudy,wet,no,no_pedestrian,Monday,wrong_side_of_road
9379137,1,1,Y,M,34.0,A,-,M,-,-,0,0,E,2018.0,-,A,A,,driver,not_drinking,airbag,white,making_right_turn,passenger_car,2021,2021-11-13,16:22,6,Rt 123,Allston Wy,0.0,,Y,A,3,0,1,2,A,09,N,H,G,A,A,H,A,,Y,,A,0,1,0,0,0,0,1,37.86637878417969,-122.29122924804688,ALAMEDA,BERKELEY,other_visible_injury,other,bicycle,daylight,clear,dry,no,no_pedestrian,Saturday,automobile_right_of_way
9379137,2,4,N,M,49.0,A,-,-,-,-,0,1,B,,-,L,H,,bicyclist,not_drinking,not_applicable,other,proceeding_straight,emergency_vehicle,2021,2021-11-13,16:22,6,Rt 123,Allston Wy,0.0,,Y,A,3,0,1,2,A,09,N,H,G,A,A,H,A,,Y,,A,0,1,0,0,0,0,1,37.86637878417969,-122.29122924804688,ALAMEDA,BERKELEY,other_visible_injury,other,bicycle,daylight,clear,dry,no,no_pedestrian,Saturday,automobile_right_of_way
9386581,1,1,Y,M,62.0,A,-,M,A,-,0,0,B,2015.0,-,A,W,,driver,not_drinking,airbag,,proceeding_straight,passenger_car,2021,2021-11-17,05:35,3,Telegraph,Carleton,60.0,S,N,A,2,0,1,2,A,03,N,G,B,E,A,H,C,Y,,Y,A,1,0,0,0,1,0,0,37.86204147338867,-122.25833892822266,ALAMEDA,BERKELEY,severe_injury,vehicle_pedestrian,pedestrian,dark_street_lights,clear,dry,no,in_road_includes_shoulder,Wednesday,unsafe_speed
9386581,2,2,N,M,57.0,D,-,-,N,-,0,1,R,,-,N,B,,pedestrian,impairment_unknown,not_applicable,hispanic,traveling_wrong_way,city_bus,2021,2021-11-17,05:35,3,Telegraph,Carleton,60.0,S,N,A,2,0,1,2,A,03,N,G,B,E,A,H,C,Y,,Y,A,1,0,0,0,1,0,0,37.86204147338867,-122.25833892822266,ALAMEDA,BERKELEY,severe_injury,vehicle_pedestrian,pedestrian,dark_street_lights,clear,dry,no,in_road_includes_shoulder,Wednesday,unsafe_speed
9386583,1,4,Y,M,16.0,A,-,-,-,-,0,1,B,,-,L,W,,bicyclist,not_drinking,not_applicable,,proceeding_straight,emergency_vehicle,2021,2021-11-16,07:12,2,The Alameda,Solano,0.0,,Y,B,3,0,1,2,A,12,N,D,G,A,A,H,A,,Y,,L,0,1,0,0,0,0,1,,,ALAMEDA,BERKELEY,other_visible_injury,broadside,bicycle,daylight,cloudy,dry,no,no_pedestrian,Tuesday,traffic_signals
9386583,2,1,N,M,44.0,A,-,N,-,-,0,0,B,2007.0,-,A,O,,driver,not_drinking,not_applicable,,proceeding_straight,passenger_car,2021,2021-11-16,07:12,2,The Alameda,Solano,0.0,,Y,B,3,0,1,2,A,12,N,D,G,A,A,H,A,,Y,,L,0,1,0,0,0,0,1,,,ALAMEDA,BERKELEY,other_visible_injury,broadside,bicycle,daylight,cloudy,dry,no,no_pedestrian,Tuesday,traffic_signals
9386585,1,1,Y,-,,-,-,-,-,-,0,0,-,,-,A,,,driver,unknown,not_applicable,,unknown,passenger_car,2021,2021-11-14,08:30,7,Fulton,Parker,0.0,,Y,A,3,0,1,2,A,08,F,B,G,A,A,H,A,,Y,,A,0,1,0,0,0,0,1,37.867828369140625,-122.26595306396484,ALAMEDA,BERKELEY,other_visible_injury,sideswipe,bicycle,daylight,clear,dry,felony,no_pedestrian,Sunday,improper_turning
9386585,2,4,N,M,34.0,A,-,-,N,-,0,1,B,,-,L,W,,bicyclist,not_drinking,not_applicable,,proceeding_straight,emergency_vehicle,2021,2021-11-14,08:30,7,Fulton,Parker,0.0,,Y,A,3,0,1,2,A,08,F,B,G,A,A,H,A,,Y,,A,0,1,0,0,0,0,1,37.867828369140625,-122.26595306396484,ALAMEDA,BERKELEY,other_visible_injury,sideswipe,bicycle,daylight,clear,dry,felony,no_pedestrian,Sunday,improper_turning
9386586,1,1,Y,M,57.0,A,-,M,N,-,0,0,D,2019.0,FORD,A,A,,driver,not_drinking,airbag,white,ran_off_road_left,passenger_car,2021,2021-11-13,13:50,6,Virginia,Euclid,0.0,,Y,A,3,0,1,2,A,10,N,G,B,B,A,H,A,Y,,,A,0,1,0,0,1,0,0,37.87797164916992,-122.26046752929688,ALAMEDA,BERKELEY,other_visible_injury,vehicle_pedestrian,pedestrian,daylight,clear,dry,no,crossing_in_crosswalk_at_intersection,Saturday,pedestrian_right_of_way
9386586,2,2,N,M,20.0,A,-,-,N,-,0,1,B,,-,N,A,,pedestrian,not_drinking,not_applicable,white,proceeding_straight,city_bus,2021,2021-11-13,13:50,6,Virginia,Euclid,0.0,,Y,A,3,0,1,2,A,10,N,G,B,B,A,H,A,Y,,,A,0,1,0,0,1,0,0,37.87797164916992,-122.26046752929688,ALAMEDA,BERKELEY,other_visible_injury,vehicle_pedestrian,pedestrian,daylight,clear,dry,no,crossing_in_crosswalk_at_intersection,Saturday,pedestrian_right_of_way
9386587,1,1,Y,M,65.0,A,-,M,N,-,0,0,D,1998.0,-,A,B,,driver,not_drinking,airbag,hispanic,ran_off_road_left,passenger_car,2021,2021-11-12,17:17,5,Adeline,Oregon St,98.0,N,N,A,2,0,1,2,A,08,N,B,G,A,A,H,C,,Y,,A,1,0,0,0,0,0,1,37.858108520507805,-122.26725006103516,ALAMEDA,BERKELEY,severe_injury,sideswipe,bicycle,dark_street_lights,clear,dry,no,no_pedestrian,Friday,improper_turning
9386587,2,4,N,F,25.0,A,-,-,N,-,0,1,B,,-,L,W,,bicyclist,not_drinking,not_applicable,,proceeding_straight,emergency_vehicle,2021,2021-11-12,17:17,5,Adeline,Oregon St,98.0,N,N,A,2,0,1,2,A,08,N,B,G,A,A,H,C,,Y,,A,1,0,0,0,0,0,1,37.858108520507805,-122.26725006103516,ALAMEDA,BERKELEY,severe_injury,sideswipe,bicycle,dark_street_lights,clear,dry,no,no_pedestrian,Friday,improper_turning
9386588,1,1,N,F,38.0,A,-,M,N,-,0,0,B,2006.0,-,A,O,,driver,not_drinking,airbag,,proceeding_straight,passenger_car,2021,2021-11-11,21:15,4,Parker,Milvia,0.0,,Y,A,3,0,1,2,D,00,N,G,B,B,A,H,E,Y,,,-,0,1,0,0,1,0,0,37.86183166503906,-122.26962280273438,ALAMEDA,BERKELEY,other_visible_injury,vehicle_pedestrian,pedestrian,dark_not_reported,clear,dry,no,crossing_in_crosswalk_at_intersection,Thursday,unknown
9386588,2,2,N,F,33.0,A,-,-,N,-,0,1,B,,-,N,B,,pedestrian,not_drinking,not_applicable,hispanic,proceeding_straight,city_bus,2021,2021-11-11,21:15,4,Parker,Milvia,0.0,,Y,A,3,0,1,2,D,00,N,G,B,B,A,H,E,Y,,,-,0,1,0,0,1,0,0,37.86183166503906,-122.26962280273438,ALAMEDA,BERKELEY,other_visible_injury,vehicle_pedestrian,pedestrian,dark_not_reported,clear,dry,no,crossing_in_crosswalk_at_intersection,Thursday,unknown
9386589,1,1,Y,M,64.0,A,-,M,-,-,0,0,B,2014.0,-,A,W,,driver,not_drinking,airbag,,proceeding_straight,passenger_car,2021,2021-11-11,15:16,4,Cedar,Oxford St,0.0,,Y,A,3,0,1,2,A,03,N,B,B,E,A,H,A,Y,,,A,0,1,0,0,1,0,0,37.878849029541016,-122.26573944091795,ALAMEDA,BERKELEY,other_visible_injury,sideswipe,pedestrian,daylight,clear,dry,no,in_road_includes_shoulder,Thursday,unsafe_speed
9386589,2,2,N,M,53.0,A,-,-,-,-,0,1,R,,-,N,A,,pedestrian,not_drinking,not_applicable,white,traveling_wrong_way,city_bus,2021,2021-11-11,15:16,4,Cedar,Oxford St,0.0,,Y,A,3,0,1,2,A,03,N,B,B,E,A,H,A,Y,,,A,0,1,0,0,1,0,0,37.878849029541016,-122.26573944091795,ALAMEDA,BERKELEY,other_visible_injury,sideswipe,pedestrian,daylight,clear,dry,no,in_road_includes_shoulder,Thursday,unsafe_speed
9386592,1,1,Y,M,45.0,A,-,M,N,-,0,0,E,2021.0,-,A,O,,driver,not_drinking,airbag,,making_right_turn,passenger_car,2021,2021-11-08,23:26,1,College,Channing,0.0,,Y,C,3,0,2,3,A,12,N,G,B,B,B,H,C,Y,,,A,0,1,1,0,2,0,0,37.867488861083984,-122.2542724609375,ALAMEDA,BERKELEY,other_visible_injury,vehicle_pedestrian,pedestrian,dark_street_lights,raining,wet,no,crossing_in_crosswalk_at_intersection,Monday,traffic_signals
9386592,2,2,N,F,19.0,-,-,-,-,-,0,1,-,,-,N,A,,pedestrian,unknown,not_applicable,white,unknown,city_bus,2021,2021-11-08,23:26,1,College,Channing,0.0,,Y,C,3,0,2,3,A,12,N,G,B,B,B,H,C,Y,,,A,0,1,1,0,2,0,0,37.867488861083984,-122.2542724609375,ALAMEDA,BERKELEY,other_visible_injury,vehicle_pedestrian,pedestrian,dark_street_lights,raining,wet,no,crossing_in_crosswalk_at_intersection,Monday,traffic_signals
9386592,3,2,N,M,20.0,-,-,-,-,-,0,1,-,,-,N,A,,pedestrian,unknown,not_applicable,white,unknown,city_bus,2021,2021-11-08,23:26,1,College,Channing,0.0,,Y,C,3,0,2,3,A,12,N,G,B,B,B,H,C,Y,,,A,0,1,1,0,2,0,0,37.867488861083984,-122.2542724609375,ALAMEDA,BERKELEY,other_visible_injury,vehicle_pedestrian,pedestrian,dark_street_lights,raining,wet,no,crossing_in_crosswalk_at_intersection,Monday,traffic_signals
9386596,1,1,Y,M,24.0,A,-,M,F,-,0,0,B,2015.0,FORD,A,B,-,driver,not_drinking,airbag,hispanic,proceeding_straight,passenger_car,2021,2021-11-05,09:18,5,Adeline,62Nd,0.0,,Y,A,3,0,1,2,A,10,N,G,B,B,A,H,A,Y,,,A,0,1,0,0,1,0,0,37.84654998779297,-122.27203369140624,ALAMEDA,BERKELEY,other_visible_injury,vehicle_pedestrian,pedestrian,daylight,clear,dry,no,crossing_in_crosswalk_at_intersection,Friday,pedestrian_right_of_way
9386596,2,2,N,M,34.0,A,-,-,N,-,0,1,B,,-,N,B,,pedestrian,not_drinking,not_applicable,hispanic,proceeding_straight,city_bus,2021,2021-11-05,09:18,5,Adeline,62Nd,0.0,,Y,A,3,0,1,2,A,10,N,G,B,B,A,H,A,Y,,,A,0,1,0,0,1,0,0,37.84654998779297,-122.27203369140624,ALAMEDA,BERKELEY,other_visible_injury,vehicle_pedestrian,pedestrian,daylight,clear,dry,no,crossing_in_crosswalk_at_intersection,Friday,pedestrian_right_of_way
9386599,1,1,Y,F,79.0,A,-,M,A,-,0,0,B,2021.0,-,A,W,,driver,not_drinking,airbag,,proceeding_straight,passenger_car,2021,2021-11-02,13:55,2,2Nd,Addison,0.0,,Y,B,3,0,1,2,A,10,N,G,B,B,D,H,B,Y,,,A,0,1,0,0,1,0,0,37.86581039428711,-122.3017120361328,ALAMEDA,BERKELEY,other_visible_injury,vehicle_pedestrian,pedestrian,dusk_dawn,cloudy,slippery,no,crossing_in_crosswalk_at_intersection,Tuesday,pedestrian_right_of_way
9386599,2,2,N,F,25.0,A,-,-,N,-,0,1,B,,-,N,W,,pedestrian,not_drinking,not_applicable,,proceeding_straight,city_bus,2021,2021-11-02,13:55,2,2Nd,Addison,0.0,,Y,B,3,0,1,2,A,10,N,G,B,B,D,H,B,Y,,,A,0,1,0,0,1,0,0,37.86581039428711,-122.3017120361328,ALAMEDA,BERKELEY,other_visible_injury,vehicle_pedestrian,pedestrian,dusk_dawn,cloudy,slippery,no,crossing_in_crosswalk_at_intersection,Tuesday,pedestrian_right_of_way
9386600,1,1,Y,F,36.0,A,-,M,E,-,0,0,B,2018.0,-,A,W,,driver,not_drinking,airbag,,proceeding_straight,passenger_car,2021,2021-11-01,09:15,1,La Loma,Cedar St,250.0,S,N,B,3,0,1,2,A,05,N,B,G,A,-,H,A,,Y,,A,0,1,0,0,0,0,1,37.8790283203125,-122.25740814208984,ALAMEDA,BERKELEY,other_visible_injury,sideswipe,bicycle,daylight,cloudy,,no,no_pedestrian,Monday,wrong_side_of_road
9386600,2,4,N,M,23.0,A,-,-,N,-,0,1,B,,-,L,W,,bicyclist,not_drinking,not_applicable,,proceeding_straight,emergency_vehicle,2021,2021-11-01,09:15,1,La Loma,Cedar St,250.0,S,N,B,3,0,1,2,A,05,N,B,G,A,-,H,A,,Y,,A,0,1,0,0,0,0,1,37.8790283203125,-122.25740814208984,ALAMEDA,BERKELEY,other_visible_injury,sideswipe,bicycle,daylight,cloudy,,no,no_pedestrian,Monday,wrong_side_of_road
9386609,1,1,Y,-,,G,G,-,-,-,0,0,E,,-,A,,,driver,not_applicable,not_applicable,,making_right_turn,passenger_car,2021,2021-11-30,08:48,2,Fulton,Durant,0.0,,Y,A,3,0,1,2,A,10,F,B,B,B,-,A,A,Y,,,A,0,1,0,0,1,0,0,,,ALAMEDA,BERKELEY,other_visible_injury,sideswipe,pedestrian,daylight,clear,,felony,crossing_in_crosswalk_at_intersection,Tuesday,pedestrian_right_of_way
9386609,2,2,N,F,21.0,A,-,-,-,-,0,1,B,,-,N,A,,pedestrian,not_drinking,not_applicable,white,proceeding_straight,city_bus,2021,2021-11-30,08:48,2,Fulton,Durant,0.0,,Y,A,3,0,1,2,A,10,F,B,B,B,-,A,A,Y,,,A,0,1,0,0,1,0,0,,,ALAMEDA,BERKELEY,other_visible_injury,sideswipe,pedestrian,daylight,clear,,felony,crossing_in_crosswalk_at_intersection,Tuesday,pedestrian_right_of_way
9386613,1,1,Y,F,20.0,A,-,M,N,-,0,0,G,2003.0,-,A,W,,driver,not_drinking,airbag,,making_U_turn,passenger_car,2021,2021-11-21,18:24,7,Bancroft,Piedmont Av,140.0,E,N,A,3,0,1,3,A,21,N,G,B,F,A,H,D,Y,,,A,0,1,0,0,1,0,0,37.869651794433594,-122.25157928466795,ALAMEDA,BERKELEY,other_visible_injury,vehicle_pedestrian,pedestrian,dark_no_lights,clear,dry,no,not_in_road,Sunday,unsafe_speed
9386613,2,2,N,M,20.0,A,-,-,-,-,0,1,-,,-,N,A,,pedestrian,not_drinking,not_applicable,white,unknown,city_bus,2021,2021-11-21,18:24,7,Bancroft,Piedmont Av,140.0,E,N,A,3,0,1,3,A,21,N,G,B,F,A,H,D,Y,,,A,0,1,0,0,1,0,0,37.869651794433594,-122.25157928466795,ALAMEDA,BERKELEY,other_visible_injury,vehicle_pedestrian,pedestrian,dark_no_lights,clear,dry,no,not_in_road,Sunday,unsafe_speed
9386613,3,1,N,M,22.0,A,-,M,N,-,0,0,A,2021.0,-,A,A,,driver,not_drinking,airbag,white,stopped,passenger_car,2021,2021-11-21,18:24,7,Bancroft,Piedmont Av,140.0,E,N,A,3,0,1,3,A,21,N,G,B,F,A,H,D,Y,,,A,0,1,0,0,1,0,0,37.869651794433594,-122.25157928466795,ALAMEDA,BERKELEY,other_visible_injury,vehicle_pedestrian,pedestrian,dark_no_lights,clear,dry,no,not_in_road,Sunday,unsafe_speed
9386615,1,1,Y,M,59.0,A,-,M,-,-,0,0,E,2010.0,-,A,A,,driver,not_drinking,airbag,white,making_right_turn,passenger_car,2021,2021-11-19,17:17,5,Addison,Acton,0.0,,Y,B,3,0,1,2,A,10,N,G,B,B,B,H,C,Y,,,A,0,1,0,0,1,0,0,37.86914825439453,-122.28408813476562,ALAMEDA,BERKELEY,other_visible_injury,vehicle_pedestrian,pedestrian,dark_street_lights,cloudy,wet,no,crossing_in_crosswalk_at_intersection,Friday,pedestrian_right_of_way