case_id,party_number,party_type,at_fault,party_sex,party_age,party_sobriety,party_drug_physical,party_safety_equip_1,oaf_1,oaf_2,party_number_killed,party_number_injured,move_pre_acc,vehicle_year,vehicle_make,stwd_vehicle_type,race,inattention,party_type_label,sobriety_label,safety_equip_label,race_label,move_pre_acc_label,vehicle_type_label,accident_year,collision_date,collision_time,day_of_week,primary_rd,secondary_rd,distance,direction,intersection,weather_1,collision_severity,number_killed,number_injured,party_count,primary_coll_factor,pcf_viol_category,hit_and_run,type_of_collision,mviw,ped_action,road_surface,road_cond_1,lighting,pedestrian_accident,bicycle_accident,alcohol_involved,stwd_vehtype_at_fault,count_severe_inj,count_visible_inj,count_complaint_pain,count_ped_killed,count_ped_injured,count_bicyclist_killed,count_bicyclist_injured,latitude,longitude,county,city,severity_label,collision_type_label,mviw_label,lighting_label,weather_label,road_surface_label,hit_and_run_label,ped_action_label,day_of_week_label,pcf_category_label
9641391,2,4,N,M,17.0,A,-,-,N,-,0,1,B,,-,L,H,,bicyclist,not_drinking,not_applicable,other,proceeding_straight,emergency_vehicle,2023,2023-10-24,08:12,2,Fairview St,California St,0.0,,Y,B,3,0,1,2,A,12,F,D,G,A,A,H,A,,Y,,A,0,1,0,0,0,0,1,37.85018157958984,-122.27603149414062,ALAMEDA,BERKELEY,other_visible_injury,broadside,bicycle,daylight,cloudy,dry,felony,no_pedestrian,Tuesday,traffic_signals
9641396,1,4,Y,M,57.0,D,-,-,N,-,0,1,Q,,-,L,W,,bicyclist,impairment_unknown,not_applicable,,merging,emergency_vehicle,2023,2023-10-19,17:20,4,Telegraph Av,Parker St,0.0,,Y,A,3,0,1,2,A,05,N,D,G,A,-,H,-,,Y,Y,L,0,1,0,0,0,0,1,37.863258361816406,-122.25868988037108,ALAMEDA,BERKELEY,other_visible_injury,broadside,bicycle,,clear,,no,no_pedestrian,Thursday,wrong_side_of_road
9641396,2,1,N,M,46.0,G,G,M,N,-,0,0,B,2020.0,-,A,W,,driver,not_applicable,airbag,,proceeding_straight,passenger_car,2023,2023-10-19,17:20,4,Telegraph Av,Parker St,0.0,,Y,A,3,0,1,2,A,05,N,D,G,A,-,H,-,,Y,Y,L,0,1,0,0,0,0,1,37.863258361816406,-122.25868988037108,ALAMEDA,BERKELEY,other_visible_injury,broadside,bicycle,,clear,,no,no_pedestrian,Thursday,wrong_side_of_road
9641399,1,1,Y,F,61.0,A,-,M,A,-,0,0,O,2021.0,-,A,B,,driver,not_drinking,airbag,hispanic,crossed_into_opposing_lane,passenger_car,2023,2023-10-17,16:48,2,Rose St,Shattuck Av,0.0,,Y,A,3,0,1,2,A,17,N,H,G,A,A,H,A,,Y,,A,0,1,0,0,0,0,1,37.88201904296875,-122.26953887939452,ALAMEDA,BERKELEY,other_visible_injury,other,bicycle,daylight,clear,dry,no,no_pedestrian,Tuesday,other_hazardous_mv
9641399,2,4,N,M,52.0,A,-,-,N,-,0,1,B,,-,L,W,,bicyclist,not_drinking,not_applicable,,proceeding_straight,emergency_vehicle,2023,2023-10-17,16:48,2,Rose St,Shattuck Av,0.0,,Y,A,3,0,1,2,A,17,N,H,G,A,A,H,A,,Y,,A,0,1,0,0,0,0,1,37.88201904296875,-122.26953887939452,ALAMEDA,BERKELEY,other_visible_injury,other,bicycle,daylight,clear,dry,no,no_pedestrian,Tuesday,other_hazardous_mv
9641400,1,1,Y,M,,C,-,-,A,-,0,0,E,,-,-,B,,driver,under_influence,not_applicable,hispanic,making_right_turn,,2023,2023-10-18,09:27,3,Ashby Av,King St,0.0,,Y,A,3,0,1,2,A,10,F,G,B,B,A,H,A,Y,,Y,-,0,1,0,0,1,0,0,37.85390090942382,-122.27423858642578,ALAMEDA,BERKELEY,other_visible_injury,vehicle_pedestrian,pedestrian,daylight,clear,dry,felony,crossing_in_crosswalk_at_intersection,Wednesday,pedestrian_right_of_way
9641400,2,2,N,F,34.0,A,-,-,N,-,0,1,B,,-,N,A,,pedestrian,not_drinking,not_applicable,white,proceeding_straight,city_bus,2023,2023-10-18,09:27,3,Ashby Av,King St,0.0,,Y,A,3,0,1,2,A,10,F,G,B,B,A,H,A,Y,,Y,-,0,1,0,0,1,0,0,37.85390090942382,-122.27423858642578,ALAMEDA,BERKELEY,other_visible_injury,vehicle_pedestrian,pedestrian,daylight,clear,dry,felony,crossing_in_crosswalk_at_intersection,Wednesday,pedestrian_right_of_way
9641403,1,1,Y,F,82.0,A,-,M,F,-,0,0,E,2014.0,-,A,W,-,driver,not_drinking,airbag,,making_right_turn,passenger_car,2023,2023-10-17,09:17,2,San Pablo,Addison,0.0,,Y,A,3,0,1,2,A,10,N,G,B,B,A,H,A,Y,,,A,0,1,0,0,1,0,0,37.86814880371094,-122.29151153564452,ALAMEDA,BERKELEY,other_visible_injury,vehicle_pedestrian,pedestrian,daylight,clear,dry,no,crossing_in_crosswalk_at_intersection,Tuesday,pedestrian_right_of_way
9641403,2,2,N,M,77.0,A,-,-,N,-,0,1,B,,-,N,B,,pedestrian,not_drinking,not_applicable,hispanic,proceeding_straight,city_bus,2023,2023-10-17,09:17,2,San Pablo,Addison,0.0,,Y,A,3,0,1,2,A,10,N,G,B,B,A,H,A,Y,,,A,0,1,0,0,1,0,0,37.86814880371094,-122.29151153564452,ALAMEDA,BERKELEY,other_visible_injury,vehicle_pedestrian,pedestrian,daylight,clear,dry,no,crossing_in_crosswalk_at_intersection,Tuesday,pedestrian_right_of_way
9641405,1,4,Y,M,49.0,A,-,-,A,-,0,1,B,,-,L,W,,bicyclist,not_drinking,not_applicable,,proceeding_straight,emergency_vehicle,2023,2023-10-10,16:40,2,10Th,Delaware,0.0,,Y,B,3,0,1,2,A,12,N,D,G,A,A,H,A,,Y,,L,0,1,0,0,0,0,1,37.8714599609375,-122.22940826416016,ALAMEDA,BERKELEY,other_visible_injury,broadside,bicycle,daylight,cloudy,dry,no,no_pedestrian,Tuesday,traffic_signals
9641405,2,1,N,M,76.0,A,-,M,N,-,0,0,B,2019.0,-,A,W,,driver,not_drinking,airbag,,proceeding_straight,passenger_car,2023,2023-10-10,16:40,2,10Th,Delaware,0.0,,Y,B,3,0,1,2,A,12,N,D,G,A,A,H,A,,Y,,L,0,1,0,0,0,0,1,37.8714599609375,-122.22940826416016,ALAMEDA,BERKELEY,other_visible_injury,broadside,bicycle,daylight,cloudy,dry,no,no_pedestrian,Tuesday,traffic_signals
9641406,1,1,Y,F,68.0,A,-,M,N,-,0,0,E,2018.0,-,A,W,,driver,not_drinking,airbag,,making_right_turn,passenger_car,2023,2023-10-11,17:40,3,Dwight,Telegraph,0.0,,Y,A,3,0,1,2,A,10,N,G,B,B,A,H,A,Y,,,A,0,1,0,0,1,0,0,37.86513137817382,-122.25840759277344,ALAMEDA,BERKELEY,other_visible_injury,vehicle_pedestrian,pedestrian,daylight,clear,dry,no,crossing_in_crosswalk_at_intersection,Wednesday,pedestrian_right_of_way
9641406,2,2,N,F,20.0,A,-,-,N,-,0,1,B,,-,N,A,,pedestrian,not_drinking,not_applicable,white,proceeding_straight,city_bus,2023,2023-10-11,17:40,3,Dwight,Telegraph,0.0,,Y,A,3,0,1,2,A,10,N,G,B,B,A,H,A,Y,,,A,0,1,0,0,1,0,0,37.86513137817382,-122.25840759277344,ALAMEDA,BERKELEY,other_visible_injury,vehicle_pedestrian,pedestrian,daylight,clear,dry,no,crossing_in_crosswalk_at_intersection,Wednesday,pedestrian_right_of_way
9641411,1,1,Y,M,68.0,A,-,M,A,-,0,0,E,2007.0,-,A,B,,driver,not_drinking,airbag,hispanic,making_right_turn,passenger_car,2023,2023-10-03,15:36,2,Telegraph,Parker Av,0.0,,Y,A,3,0,1,2,A,08,N,D,B,B,A,H,A,Y,,,A,0,1,0,0,1,0,0,37.863258361816406,-122.25868988037108,ALAMEDA,BERKELEY,other_visible_injury,broadside,pedestrian,daylight,clear,dry,no,crossing_in_crosswalk_at_intersection,Tuesday,improper_turning
9641411,2,2,N,F,20.0,A,-,-,N,-,0,1,B,,-,N,O,,pedestrian,not_drinking,not_applicable,,proceeding_straight,city_bus,2023,2023-10-03,15:36,2,Telegraph,Parker Av,0.0,,Y,A,3,0,1,2,A,08,N,D,B,B,A,H,A,Y,,,A,0,1,0,0,1,0,0,37.863258361816406,-122.25868988037108,ALAMEDA,BERKELEY,other_visible_injury,broadside,pedestrian,daylight,clear,dry,no,crossing_in_crosswalk_at_intersection,Tuesday,improper_turning
9641412,1,2,Y,F,18.0,A,-,-,E,F,0,1,B,,-,N,A,-,pedestrian,not_drinking,not_applicable,white,proceeding_straight,city_bus,2023,2023-10-03,14:10,2,Warring,Parker,0.0,,Y,A,3,0,1,2,A,11,N,G,B,D,A,H,A,Y,,,N,0,1,0,0,1,0,0,37.862308502197266,-122.25009918212892,ALAMEDA,BERKELEY,other_visible_injury,vehicle_pedestrian,pedestrian,daylight,clear,dry,no,crossing_not_in_crosswalk,Tuesday,pedestrian_violation
9641412,2,1,N,M,56.0,A,-,M,N,-,0,0,B,2015.0,-,A,A,,driver,not_drinking,airbag,white,proceeding_straight,passenger_car,2023,2023-10-03,14:10,2,Warring,Parker,0.0,,Y,A,3,0,1,2,A,11,N,G,B,D,A,H,A,Y,,,N,0,1,0,0,1,0,0,37.862308502197266,-122.25009918212892,ALAMEDA,BERKELEY,other_visible_injury,vehicle_pedestrian,pedestrian,daylight,clear,dry,no,crossing_not_in_crosswalk,Tuesday,pedestrian_violation
9641417,1,1,Y,F,48.0,A,-,M,-,-,0,0,B,2019.0,-,A,O,,driver,not_drinking,airbag,,proceeding_straight,passenger_car,2023,2023-10-10,09:24,2,Cedar,West,0.0,,Y,A,3,0,1,2,A,03,N,D,G,A,-,H,A,,Y,,A,0,1,0,0,0,0,1,,,ALAMEDA,BERKELEY,other_visible_injury,broadside,bicycle,daylight,clear,,no,no_pedestrian,Tuesday,unsafe_speed
9641417,2,4,N,M,17.0,A,-,-,-,-,0,1,L,,-,L,W,,bicyclist,not_drinking,not_applicable,,parking_maneuver,emergency_vehicle,2023,2023-10-10,09:24,2,Cedar,West,0.0,,Y,A,3,0,1,2,A,03,N,D,G,A,-,H,A,,Y,,A,0,1,0,0,0,0,1,,,ALAMEDA,BERKELEY,other_visible_injury,broadside,bicycle,daylight,clear,,no,no_pedestrian,Tuesday,unsafe_speed
9641480,1,1,Y,M,32.0,A,-,M,E,-,0,0,B,2013.0,-,A,W,,driver,not_drinking,airbag,,proceeding_straight,passenger_car,2023,2023-09-30,20:15,6,Shattuck,Berkeley,0.0,,Y,A,3,0,1,2,A,10,N,G,B,B,A,H,C,Y,,,A,0,1,0,0,1,0,0,37.87297821044922,-122.26847839355467,ALAMEDA,BERKELEY,other_visible_injury,vehicle_pedestrian,pedestrian,dark_street_lights,clear,dry,no,crossing_in_crosswalk_at_intersection,Saturday,pedestrian_right_of_way
9641480,2,2,N,M,32.0,A,-,-,-,-,0,1,B,,-,N,W,,pedestrian,not_drinking,not_applicable,,proceeding_straight,city_bus,2023,2023-09-30,20:15,6,Shattuck,Berkeley,0.0,,Y,A,3,0,1,2,A,10,N,G,B,B,A,H,C,Y,,,A,0,1,0,0,1,0,0,37.87297821044922,-122.26847839355467,ALAMEDA,BERKELEY,other_visible_injury,vehicle_pedestrian,pedestrian,dark_street_lights,clear,dry,no,crossing_in_crosswalk_at_intersection,Saturday,pedestrian_right_of_way
9641710,1,1,N,M,74.0,A,-,M,N,-,0,0,B,2007.0,-,A,W,,driver,not_drinking,airbag,,proceeding_straight,passenger_car,2023,2023-11-14,15:46,2,Cornell,Marin,0.0,,Y,A,3,0,1,2,A,05,N,H,G,A,A,H,A,,Y,,L,0,1,0,0,0,0,1,37.887229919433594,-122.2951889038086,ALAMEDA,ALBANY,other_visible_injury,other,bicycle,daylight,clear,dry,no,no_pedestrian,Tuesday,wrong_side_of_road
9641710,2,4,Y,M,13.0,A,-,-,N,-,0,1,B,,-,L,O,,bicyclist,not_drinking,not_applicable,,proceeding_straight,emergency_vehicle,2023,2023-11-14,15:46,2,Cornell,Marin,0.0,,Y,A,3,0,1,2,A,05,N,H,G,A,A,H,A,,Y,,L,0,1,0,0,0,0,1,37.887229919433594,-122.2951889038086,ALAMEDA,ALBANY,other_visible_injury,other,bicycle,daylight,clear,dry,no,no_pedestrian,Tuesday,wrong_side_of_road
9650822,1,1,Y,F,61.0,A,-,M,A,N,0,0,D,2020.0,FORD,A,W,,driver,not_drinking,airbag,,ran_off_road_left,passenger_car,2023,2023-11-03,11:49,5,Spruce,Los Angeles Av,217.0,S,N,A,3,0,1,2,A,08,N,B,G,A,-,H,-,,Y,,A,0,1,0,0,0,0,1,37.887481689453125,-122.2670669555664,ALAMEDA,BERKELEY,other_visible_injury,sideswipe,bicycle,,clear,,no,no_pedestrian,Friday,improper_turning
9650822,2,4,N,-,23.0,A,-,-,-,-,0,1,B,,-,L,W,,bicyclist,not_drinking,not_applicable,,proceeding_straight,emergency_vehicle,2023,2023-11-03,11:49,5,Spruce,Los Angeles Av,217.0,S,N,A,3,0,1,2,A,08,N,B,G,A,-,H,-,,Y,,A,0,1,0,0,0,0,1,37.887481689453125,-122.2670669555664,ALAMEDA,BERKELEY,other_visible_injury,sideswipe,bicycle,,clear,,no,no_pedestrian,Friday,improper_turning
9650825,1,1,Y,F,56.0,A,-,M,N,-,0,0,E,2013.0,-,A,O,,driver,not_drinking,airbag,,making_right_turn,passenger_car,2023,2023-11-03,15:30,5,Ashby,Hillegass,0.0,,Y,A,3,0,1,2,A,10,N,G,B,B,A,H,A,Y,,,A,0,1,0,0,1,0,0,37.85673141479492,-122.2554931640625,ALAMEDA,BERKELEY,other_visible_injury,vehicle_pedestrian,pedestrian,daylight,clear,dry,no,crossing_in_crosswalk_at_intersection,Friday,pedestrian_right_of_way
9650825,2,2,N,F,19.0,A,-,-,N,-,0,1,B,,-,N,W,,pedestrian,not_drinking,not_applicable,,proceeding_straight,city_bus,2023,2023-11-03,15:30,5,Ashby,Hillegass,0.0,,Y,A,3,0,1,2,A,10,N,G,B,B,A,H,A,Y,,,A,0,1,0,0,1,0,0,37.85673141479492,-122.2554931640625,ALAMEDA,BERKELEY,other_visible_injury,vehicle_pedestrian,pedestrian,daylight,clear,dry,no,crossing_in_crosswalk_at_intersection,Friday,pedestrian_right_of_way
9650827,1,1,Y,F,37.0,G,G,M,A,-,0,0,A,2018.0,-,A,W,,driver,not_applicable,airbag,,stopped,passenger_car,2023,2023-11-04,18:14,6,University,Shattuck,0.0,,Y,A,3,0,1,2,A,21,N,G,B,E,A,H,B,Y,,,A,0,1,0,0,1,0,0,37.87215042114258,-122.26840972900392,ALAMEDA,BERKELEY,other_visible_injury,vehicle_pedestrian,pedestrian,dusk_dawn,clear,dry,no,in_road_includes_shoulder,Saturday,unsafe_speed
9650827,2,2,N,M,55.0,H,H,-,N,-,0,1,R,,-,N,B,,pedestrian,impairment_physical,not_applicable,hispanic,traveling_wrong_way,city_bus,2023,2023-11-04,18:14,6,University,Shattuck,0.0,,Y,A,3,0,1,2,A,21,N,G,B,E,A,H,B,Y,,,A,0,1,0,0,1,0,0,37.87215042114258,-122.26840972900392,ALAMEDA,BERKELEY,other_visible_injury,vehicle_pedestrian,pedestrian,dusk_dawn,clear,dry,no,in_road_includes_shoulder,Saturday,unsafe_speed
9650829,1,4,Y,M,29.0,A,-,-,A,-,0,1,Q,,-,L,B,,bicyclist,not_drinking,not_applicable,hispanic,merging,emergency_vehicle,2023,2023-11-07,12:49,2,Blake,Fulton St,180.0,E,N,A,2,0,1,2,A,09,N,A,G,A,A,H,A,,Y,,L,1,0,0,0,0,0,1,37.86370849609375,-122.26441192626952,ALAMEDA,BERKELEY,severe_injury,head_on,bicycle,daylight,clear,dry,no,no_pedestrian,Tuesday,automobile_right_of_way
9650829,2,1,N,M,36.0,A,-,M,N,-,0,0,B,2022.0,-,A,O,,driver,not_drinking,airbag,,proceeding_straight,passenger_car,2023,2023-11-07,12:49,2,Blake,Fulton St,180.0,E,N,A,2,0,1,2,A,09,N,A,G,A,A,H,A,,Y,,L,1,0,0,0,0,0,1,37.86370849609375,-122.26441192626952,ALAMEDA,BERKELEY,severe_injury,head_on,bicycle,daylight,clear,dry,no,no_pedestrian,Tuesday,automobile_right_of_way
9650832,1,2,Y,F,22.0,A,-,-,N,-,0,1,B,,-,N,W,,pedestrian,not_drinking,not_applicable,,proceeding_straight,city_bus,2023,2023-11-10,17:17,5,College,Parker St,127.0,N,N,A,3,0,1,2,A,11,N,G,B,E,A,H,B,Y,,,N,0,1,0,0,1,0,0,37.8643684387207,-122.25411224365234,ALAMEDA,BERKELEY,other_visible_injury,vehicle_pedestrian,pedestrian,dusk_dawn,clear,dry,no,in_road_includes_shoulder,Friday,pedestrian_violation
9650832,2,1,N,M,71.0,A,-,M,E,-,0,0,B,1998.0,-,A,O,,driver,not_drinking,airbag,,proceeding_straight,passenger_car,2023,2023-11-10,17:17,5,College,Parker St,127.0,N,N,A,3,0,1,2,A,11,N,G,B,E,A,H,B,Y,,,N,0,1,0,0,1,0,0,37.8643684387207,-122.25411224365234,ALAMEDA,BERKELEY,other_visible_injury,vehicle_pedestrian,pedestrian,dusk_dawn,clear,dry,no,in_road_includes_shoulder,Friday,pedestrian_violation
9650833,1,1,Y,M,23.0,G,G,M,A,F,0,0,E,2016.0,-,A,A,-,driver,not_applicable,airbag,white,making_right_turn,passenger_car,2023,2023-11-12,19:30,7,Dana,Haste,0.0,,Y,A,3,0,1,2,A,10,N,G,B,B,A,H,C,Y,,,A,0,1,0,0,1,0,0,37.865718841552734,-122.26090240478516,ALAMEDA,BERKELEY,other_visible_injury,vehicle_pedestrian,pedestrian,dark_street_lights,clear,dry,no,crossing_in_crosswalk_at_intersection,Sunday,pedestrian_right_of_way
9650833,2,2,N,F,30.0,G,G,-,N,-,0,1,B,,-,N,A,,pedestrian,not_applicable,not_applicable,white,proceeding_straight,city_bus,2023,2023-11-12,19:30,7,Dana,Haste,0.0,,Y,A,3,0,1,2,A,10,N,G,B,B,A,H,C,Y,,,A,0,1,0,0,1,0,0,37.865718841552734,-122.26090240478516,ALAMEDA,BERKELEY,other_visible_injury,vehicle_pedestrian,pedestrian,dark_street_lights,clear,dry,no,crossing_in_crosswalk_at_intersection,Sunday,pedestrian_right_of_way
9650835,1,1,Y,M,82.0,A,-,M,A,-,0,0,E,2022.0,-,A,W,,driver,not_drinking,airbag,,making_right_turn,passenger_car,2023,2023-11-14,18:41,2,Euclid,Virginia St,0.0,,Y,A,3,0,1,2,A,10,N,D,B,B,A,H,C,Y,,,A,0,1,0,0,1,0,0,37.877788543701165,-122.26068878173828,ALAMEDA,BERKELEY,other_visible_injury,broadside,pedestrian,dark_street_lights,clear,dry,no,crossing_in_crosswalk_at_intersection,Tuesday,pedestrian_right_of_way
9650835,2,2,N,M,20.0,A,-,-,N,-,0,1,R,,-,N,O,,pedestrian,not_drinking,not_applicable,,traveling_wrong_way,city_bus,2023,2023-11-14,18:41,2,Euclid,Virginia St,0.0,,Y,A,3,0,1,2,A,10,N,D,B,B,A,H,C,Y,,,A,0,1,0,0,1,0,0,37.877788543701165,-122.26068878173828,ALAMEDA,BERKELEY,other_visible_injury,broadside,pedestrian,dark_street_lights,clear,dry,no,crossing_in_crosswalk_at_intersection,Tuesday,pedestrian_right_of_way
9650836,1,1,Y,F,83.0,A,-,M,-,-,0,0,B,1995.0,FORD,A,W,,driver,not_drinking,airbag,,proceeding_straight,passenger_car,2023,2023-11-13,19:20,1,Gilman,Curtis,0.0,,Y,A,3,0,1,2,A,10,N,D,B,B,A,H,C,Y,,,A,0,1,0,0,1,0,0,37.881439208984375,-122.29000854492188,ALAMEDA,BERKELEY,other_visible_injury,broadside,pedestrian,dark_street_lights,clear,dry,no,crossing_in_crosswalk_at_intersection,Monday,pedestrian_right_of_way
9650836,2,2,N,M,68.0,A,-,-,-,-,0,1,L,,-,N,W,,pedestrian,not_drinking,not_applicable,,parking_maneuver,city_bus,2023,2023-11-13,19:20,1,Gilman,Curtis,0.0,,Y,A,3,0,1,2,A,10,N,D,B,B,A,H,C,Y,,,A,0,1,0,0,1,0,0,37.881439208984375,-122.29000854492188,ALAMEDA,BERKELEY,other_visible_injury,broadside,pedestrian,dark_street_lights,clear,dry,no,crossing_in_crosswalk_at_intersection,Monday,pedestrian_right_of_way
9650838,1,2,Y,F,76.0,A,-,-,O,-,0,1,R,,-,N,W,,pedestrian,not_drinking,not_applicable,,traveling_wrong_way,city_bus,2023,2023-11-15,18:07,3,Walnut St,Walnut St 1619,0.0,,-,C,4,0,1,2,A,11,N,G,B,D,B,H,C,Y,Y,,N,0,0,1,0,1,0,0,37.877891540527344,-122.26766204833984,ALAMEDA,BERKELEY,complaint_of_pain,vehicle_pedestrian,pedestrian,dark_street_lights,raining,wet,no,crossing_not_in_crosswalk,Wednesday,pedestrian_violation
9650838,2,4,N,M,66.0,A,-,-,N,-,0,0,B,,-,L,A,,bicyclist,not_drinking,not_applicable,white,proceeding_straight,emergency_vehicle,2023,2023-11-15,18:07,3,Walnut St,Walnut St 1619,0.0,,-,C,4,0,1,2,A,11,N,G,B,D,B,H,C,Y,Y,,N,0,0,1,0,1,0,0,37.877891540527344,-122.26766204833984,ALAMEDA,BERKELEY,complaint_of_pain,vehicle_pedestrian,pedestrian,dark_street_lights,raining,wet,no,crossing_not_in_crosswalk,Wednesday,pedestrian_violation
9650844,1,1,Y,M,68.0,A,-,M,-,-,0,0,B,2015.0,-,A,W,,driver,not_drinking,airbag,,proceeding_straight,passenger_car,2023,2023-11-30,17:28,4,Shattuck,Woolsey,0.0,,Y,B,2,0,1,2,A,10,N,G,B,B,A,H,C,Y,,,A,1,0,0,0,1,0,0,37.85237884521485,-122.26612091064452,ALAMEDA,BERKELEY,severe_injury,vehicle_pedestrian,pedestrian,dark_street_lights,cloudy,dry,no,crossing_in_crosswalk_at_intersection,Thursday,pedestrian_right_of_way
9650844,2,2,N,F,36.0,A,-,-,-,-,0,1,B,,-,N,W,,pedestrian,not_drinking,not_applicable,,proceeding_straight,city_bus,2023,2023-11-30,17:28,4,Shattuck,Woolsey,0.0,,Y,B,2,0,1,2,A,10,N,G,B,B,A,H,C,Y,,,A,1,0,0,0,1,0,0,37.85237884521485,-122.26612091064452,ALAMEDA,BERKELEY,severe_injury,vehicle_pedestrian,pedestrian,dark_street_lights,cloudy,dry,no,crossing_in_crosswalk_at_intersection,Thursday,pedestrian_right_of_way
9650846,1,1,Y,-,,-,-,-,-,-,0,0,-,,-,A,,,driver,unknown,not_applicable,,unknown,passenger_car,2023,2023-11-30,10:00,4,Alcatraz,Adeline,0.0,,Y,A,2,0,1,2,A,10,F,G,B,B,A,H,A,Y,,,A,1,0,0,0,1,0,0,37.848751068115234,-122.27144622802734,ALAMEDA,BERKELEY,severe_injury,vehicle_pedestrian,pedestrian,daylight,clear,dry,felony,crossing_in_crosswalk_at_intersection,Thursday,pedestrian_right_of_way
9650846,2,2,N,F,45.0,A,-,-,-,-,0,1,B,,-,N,W,,pedestrian,not_drinking,not_applicable,,proceeding_straight,city_bus,2023,2023-11-30,10:00,4,Alcatraz,Adeline,0.0,,Y,A,2,0,1,2,A,10,F,G,B,B,A,H,A,Y,,,A,1,0,0,0,1,0,0,37.848751068115234,-122.27144622802734,ALAMEDA,BERKELEY,severe_injury,vehicle_pedestrian,pedestrian,daylight,clear,dry,felony,crossing_in_crosswalk_at_intersection,Thursday,pedestrian_right_of_way
9650847,1,1,Y,F,43.0,A,-,M,-,-,0,0,B,2010.0,-,A,A,,driver,not_drinking,airbag,white,proceeding_straight,passenger_car,2023,2023-11-28,08:21,2,10Th,Delaware,0.0,,Y,A,3,0,1,2,A,09,N,D,G,A,A,H,A,,Y,,A,0,1,0,0,0,0,1,,,ALAMEDA,BERKELEY,other_visible_injury,broadside,bicycle,daylight,clear,dry,no,no_pedestrian,Tuesday,automobile_right_of_way
9650847,2,4,N,F,57.0,A,-,-,-,-,0,1,B,,-,L,A,,bicyclist,not_drinking,not_applicable,white,proceeding_straight,emergency_vehicle,2023,2023-11-28,08:21,2,10Th,Delaware,0.0,,Y,A,3,0,1,2,A,09,N,D,G,A,A,H,A,,Y,,A,0,1,0,0,0,0,1,,,ALAMEDA,BERKELEY,other_visible_injury,broadside,bicycle,daylight,clear,dry,no,no_pedestrian,Tuesday,automobile_right_of_way
9650851,1,1,Y,F,40.0,A,-,M,A,-,0,0,B,2019.0,-,A,B,,driver,not_drinking,airbag,hispanic,proceeding_straight,passenger_car,2023,2023-11-21,12:24,2,Telegraph,Prince St,55.0,S,N,A,3,0,1,2,A,10,N,G,B,B,A,H,A,Y,,,A,0,1,0,0,1,0,0,37.85369110107422,-122.26001739501952,ALAMEDA,BERKELEY,other_visible_injury,vehicle_pedestrian,pedestrian,daylight,clear,dry,no,crossing_in_crosswalk_at_intersection,Tuesday,pedestrian_right_of_way
9650851,2,2,N,M,24.0,A,-,-,-,-,0,1,-,,-,N,W,,pedestrian,not_drinking,not_applicable,,unknown,city_bus,2023,2023-11-21,12:24,2,Telegraph,Prince St,55.0,S,N,A,3,0,1,2,A,10,N,G,B,B,A,H,A,Y,,,A,0,1,0,0,1,0,0,37.85369110107422,-122.26001739501952,ALAMEDA,BERKELEY,other_visible_injury,vehicle_pedestrian,pedestrian,daylight,clear,dry,no,crossing_in_crosswalk_at_intersection,Tuesday,pedestrian_right_of_way
9650852,1,1,Y,M,87.0,A,-,M,-,-,0,0,B,1989.0,-,A,W,,driver,not_drinking,airbag,,proceeding_straight,passenger_car,2023,2023-11-26,17:24,7,Telegraph,Dowling,0.0,,Y,A,3,0,1,2,A,10,N,G,B,B,A,H,C,Y,,,A,0,1,0,0,1,0,0,37.85401153564453,-122.26030731201172,ALAMEDA,BERKELEY,other_visible_injury,vehicle_pedestrian,pedestrian,dark_street_lights,clear,dry,no,crossing_in_crosswalk_at_intersection,Sunday,pedestrian_right_of_way
9650852,2,2,N,M,41.0,A,-,-,N,-,0,1,B,,-,N,H,,pedestrian,not_drinking,not_applicable,other,proceeding_straight,city_bus,2023,2023-11-26,17:24,7,Telegraph,Dowling,0.0,,Y,A,3,0,1,2,A,10,N,G,B,B,A,H,C,Y,,,A,0,1,0,0,1,0,0,37.85401153564453,-122.26030731201172,ALAMEDA,BERKELEY,other_visible_injury,vehicle_pedestrian,pedestrian,dark_street_lights,clear,dry,no,crossing_in_crosswalk_at_intersection,Sunday,pedestrian_right_of_way
9650856,1,1,Y,F,51.0,A,-,M,N,-,0,0,E,2021.0,-,A,W,,driver,not_drinking,airbag,,making_right_turn,passenger_car,2023,2023-11-17,16:18,5,Hopkins,Albina,0.0,,Y,C,2,0,1,2,A,09,N,D,G,A,B,H,A,,Y,,A,1,0,0,0,0,0,1,37.880428314208984,-122.2843017578125,ALAMEDA,BERKELEY,severe_injury,broadside,bicycle,daylight,raining,wet,no,no_pedestrian,Friday,automobile_right_of_way
9650856,2,4,N,F,49.0,A,-,-,N,-,0,1,B,,-,L,W,,bicyclist,not_drinking,not_applicable,,proceeding_straight,emergency_vehicle,2023,2023-11-17,16:18,5,Hopkins,Albina,0.0,,Y,C,2,0,1,2,A,09,N,D,G,A,B,H,A,,Y,,A,1,0,0,0,0,0,1,37.880428314208984,-122.2843017578125,ALAMEDA,BERKELEY,severe_injury,broadside,bicycle,daylight,raining,wet,no,no_pedestrian,Friday,automobile_right_of_way