case_id,party_number,party_type,at_fault,party_sex,party_age,party_sobriety,party_drug_physical,party_safety_equip_1,oaf_1,oaf_2,party_number_killed,party_number_injured,move_pre_acc,vehicle_year,vehicle_make,stwd_vehicle_type,race,inattention,party_type_label,sobriety_label,safety_equip_label,race_label,move_pre_acc_label,vehicle_type_label,accident_year,collision_date,collision_time,day_of_week,primary_rd,secondary_rd,distance,direction,intersection,weather_1,collision_severity,number_killed,number_injured,party_count,primary_coll_factor,pcf_viol_category,hit_and_run,type_of_collision,mviw,ped_action,road_surface,road_cond_1,lighting,pedestrian_accident,bicycle_accident,alcohol_involved,stwd_vehtype_at_fault,count_severe_inj,count_visible_inj,count_complaint_pain,count_ped_killed,count_ped_injured,count_bicyclist_killed,count_bicyclist_injured,latitude,longitude,county,city,severity_label,collision_type_label,mviw_label,lighting_label,weather_label,road_surface_label,hit_and_run_label,ped_action_label,day_of_week_label,pcf_category_label
9664806,1,1,Y,M,47.0,A,-,M,-,-,0,0,N,2012.0,-,A,B,,driver,not_drinking,airbag,hispanic,other_unsafe_turning,passenger_car,2024,2024-01-26,13:40,5,Ashby,Shattuck,0.0,,Y,A,3,0,1,2,A,08,N,D,G,A,A,H,A,,Y,,A,0,1,0,0,0,0,1,37.85530090332031,-122.26648712158205,ALAMEDA,BERKELEY,other_visible_injury,broadside,bicycle,daylight,clear,dry,no,no_pedestrian,Friday,improper_turning
9664806,2,4,N,M,27.0,A,-,-,N,-,0,1,B,,-,L,W,,bicyclist,not_drinking,not_applicable,,proceeding_straight,emergency_vehicle,2024,2024-01-26,13:40,5,Ashby,Shattuck,0.0,,Y,A,3,0,1,2,A,08,N,D,G,A,A,H,A,,Y,,A,0,1,0,0,0,0,1,37.85530090332031,-122.26648712158205,ALAMEDA,BERKELEY,other_visible_injury,broadside,bicycle,daylight,clear,dry,no,no_pedestrian,Friday,improper_turning
9664807,1,1,Y,F,56.0,A,-,M,N,-,0,0,B,2024.0,-,A,A,,driver,not_drinking,airbag,white,proceeding_straight,passenger_car,2024,2024-01-25,18:30,4,Rose,Edith,0.0,,Y,A,3,0,1,2,A,10,N,G,B,B,A,H,C,Y,,,A,0,1,0,0,1,0,0,37.88080978393555,-122.27780151367188,ALAMEDA,BERKELEY,other_visible_injury,vehicle_pedestrian,pedestrian,dark_street_lights,clear,dry,no,crossing_in_crosswalk_at_intersection,Thursday,pedestrian_right_of_way
9664807,2,2,N,F,76.0,A,-,-,N,-,0,1,B,,-,N,A,,pedestrian,not_drinking,not_applicable,white,proceeding_straight,city_bus,2024,2024-01-25,18:30,4,Rose,Edith,0.0,,Y,A,3,0,1,2,A,10,N,G,B,B,A,H,C,Y,,,A,0,1,0,0,1,0,0,37.88080978393555,-122.27780151367188,ALAMEDA,BERKELEY,other_visible_injury,vehicle_pedestrian,pedestrian,dark_street_lights,clear,dry,no,crossing_in_crosswalk_at_intersection,Thursday,pedestrian_right_of_way
9664829,1,4,Y,M,62.0,A,-,-,A,-,0,1,B,,-,L,B,,bicyclist,not_drinking,not_applicable,hispanic,proceeding_straight,emergency_vehicle,2024,2024-01-18,17:03,4,Adeline St,Alcatraz Av,0.0,,Y,A,3,0,1,2,A,12,N,D,G,A,A,H,A,,Y,,L,0,1,0,0,0,0,1,,,ALAMEDA,BERKELEY,other_visible_injury,broadside,bicycle,daylight,clear,dry,no,no_pedestrian,Thursday,traffic_signals
9664829,2,1,N,F,69.0,A,-,M,N,-,0,0,B,2021.0,-,A,W,,driver,not_drinking,airbag,,proceeding_straight,passenger_car,2024,2024-01-18,17:03,4,Adeline St,Alcatraz Av,0.0,,Y,A,3,0,1,2,A,12,N,D,G,A,A,H,A,,Y,,L,0,1,0,0,0,0,1,,,ALAMEDA,BERKELEY,other_visible_injury,broadside,bicycle,daylight,clear,dry,no,no_pedestrian,Thursday,traffic_signals
9664830,1,1,Y,M,,-,-,-,-,-,0,0,-,,-,A,O,,driver,unknown,not_applicable,,unknown,passenger_car,2024,2024-01-18,11:00,4,Channing Wy,Dana St,0.0,,Y,B,4,0,1,2,A,08,M,B,B,E,A,H,A,Y,,,A,0,0,1,0,1,0,0,37.867210388183594,-122.25653076171876,ALAMEDA,BERKELEY,complaint_of_pain,sideswipe,pedestrian,daylight,cloudy,dry,misdemeanor,in_road_includes_shoulder,Thursday,improper_turning
9664830,2,2,N,M,20.0,A,-,-,-,-,0,1,B,,-,N,O,,pedestrian,not_drinking,not_applicable,,proceeding_straight,city_bus,2024,2024-01-18,11:00,4,Channing Wy,Dana St,0.0,,Y,B,4,0,1,2,A,08,M,B,B,E,A,H,A,Y,,,A,0,0,1,0,1,0,0,37.867210388183594,-122.25653076171876,ALAMEDA,BERKELEY,complaint_of_pain,sideswipe,pedestrian,daylight,cloudy,dry,misdemeanor,in_road_includes_shoulder,Thursday,improper_turning
9664831,1,1,Y,-,,-,-,-,-,-,0,0,-,,-,A,,,driver,unknown,not_applicable,,unknown,passenger_car,2024,2024-01-17,14:30,3,Adeline St,Ashby Av,0.0,,Y,A,4,0,1,2,A,03,F,C,G,A,A,D,A,,Y,,A,0,0,1,0,0,0,1,,,ALAMEDA,BERKELEY,complaint_of_pain,rear_end,bicycle,daylight,clear,dry,felony,no_pedestrian,Wednesday,unsafe_speed
9664831,2,4,N,F,19.0,G,G,-,N,-,0,1,B,,-,L,O,,bicyclist,not_applicable,not_applicable,,proceeding_straight,emergency_vehicle,2024,2024-01-17,14:30,3,Adeline St,Ashby Av,0.0,,Y,A,4,0,1,2,A,03,F,C,G,A,A,D,A,,Y,,A,0,0,1,0,0,0,1,,,ALAMEDA,BERKELEY,complaint_of_pain,rear_end,bicycle,daylight,clear,dry,felony,no_pedestrian,Wednesday,unsafe_speed
9664833,1,1,N,M,47.0,D,-,M,N,-,0,0,D,2016.0,MINI,A,W,,driver,impairment_unknown,airbag,,ran_off_road_left,passenger_car,2024,2024-01-16,17:15,2,University,Sacramento Av,0.0,,Y,C,2,0,1,2,D,00,N,G,B,B,B,H,C,Y,,Y,-,1,0,0,0,1,0,0,,,ALAMEDA,BERKELEY,severe_injury,vehicle_pedestrian,pedestrian,dark_street_lights,raining,wet,no,crossing_in_crosswalk_at_intersection,Tuesday,unknown
9664833,2,2,N,M,59.0,D,-,-,N,-,0,1,B,,-,N,W,,pedestrian,impairment_unknown,not_applicable,,proceeding_straight,city_bus,2024,2024-01-16,17:15,2,University,Sacramento Av,0.0,,Y,C,2,0,1,2,D,00,N,G,B,B,B,H,C,Y,,Y,-,1,0,0,0,1,0,0,,,ALAMEDA,BERKELEY,severe_injury,vehicle_pedestrian,pedestrian,dark_street_lights,raining,wet,no,crossing_in_crosswalk_at_intersection,Tuesday,unknown
9664838,1,1,Y,M,76.0,A,-,M,A,-,0,0,E,2021.0,-,A,B,,driver,not_drinking,airbag,hispanic,making_right_turn,passenger_car,2024,2024-01-13,07:45,6,College Av,Ashby Av,0.0,,Y,B,3,0,1,2,A,10,N,G,B,B,B,H,A,Y,,,A,0,1,0,0,1,0,0,37.85704040527344,-122.25303649902344,ALAMEDA,BERKELEY,other_visible_injury,vehicle_pedestrian,pedestrian,daylight,cloudy,wet,no,crossing_in_crosswalk_at_intersection,Saturday,pedestrian_right_of_way
9664838,2,2,N,F,27.0,A,-,-,N,-,0,1,R,,-,N,W,,pedestrian,not_drinking,not_applicable,,traveling_wrong_way,city_bus,2024,2024-01-13,07:45,6,College Av,Ashby Av,0.0,,Y,B,3,0,1,2,A,10,N,G,B,B,B,H,A,Y,,,A,0,1,0,0,1,0,0,37.85704040527344,-122.25303649902344,ALAMEDA,BERKELEY,other_visible_injury,vehicle_pedestrian,pedestrian,daylight,cloudy,wet,no,crossing_in_crosswalk_at_intersection,Saturday,pedestrian_right_of_way
9664840,1,1,Y,M,58.0,A,-,M,-,-,0,0,B,2011.0,-,A,W,,driver,not_drinking,airbag,,proceeding_straight,passenger_car,2024,2024-01-11,08:18,4,Delaware St,Acton St,0.0,,Y,A,3,0,1,2,A,09,N,D,G,A,A,H,A,,Y,,A,0,1,0,0,0,0,1,37.87274932861328,-122.2846221923828,ALAMEDA,BERKELEY,other_visible_injury,broadside,bicycle,daylight,clear,dry,no,no_pedestrian,Thursday,automobile_right_of_way
9664840,2,4,N,F,57.0,A,-,-,-,-,0,1,B,,-,L,W,,bicyclist,not_drinking,not_applicable,,proceeding_straight,emergency_vehicle,2024,2024-01-11,08:18,4,Delaware St,Acton St,0.0,,Y,A,3,0,1,2,A,09,N,D,G,A,A,H,A,,Y,,A,0,1,0,0,0,0,1,37.87274932861328,-122.2846221923828,ALAMEDA,BERKELEY,other_visible_injury,broadside,bicycle,daylight,clear,dry,no,no_pedestrian,Thursday,automobile_right_of_way
9664842,1,4,Y,M,18.0,A,-,-,N,-,0,1,N,,-,L,H,,bicyclist,not_drinking,not_applicable,other,other_unsafe_turning,emergency_vehicle,2024,2024-01-08,16:53,1,Monterey,Marin,0.0,,Y,A,4,0,1,2,A,05,N,A,G,A,A,H,A,,Y,,L,0,0,1,0,0,0,1,37.889041900634766,-122.27545166015624,ALAMEDA,BERKELEY,complaint_of_pain,head_on,bicycle,daylight,clear,dry,no,no_pedestrian,Monday,wrong_side_of_road
9664842,2,1,N,M,39.0,A,-,M,A,-,0,0,A,2006.0,-,A,H,,driver,not_drinking,airbag,other,stopped,passenger_car,2024,2024-01-08,16:53,1,Monterey,Marin,0.0,,Y,A,4,0,1,2,A,05,N,A,G,A,A,H,A,,Y,,L,0,0,1,0,0,0,1,37.889041900634766,-122.27545166015624,ALAMEDA,BERKELEY,complaint_of_pain,head_on,bicycle,daylight,clear,dry,no,no_pedestrian,Monday,wrong_side_of_road
9664843,1,1,Y,M,28.0,G,G,L,A,-,0,0,B,2013.0,-,A,W,,driver,not_applicable,,,proceeding_straight,passenger_car,2024,2024-01-08,07:30,1,Adeline,Harmon,0.0,,Y,A,3,0,1,2,A,03,N,C,G,A,A,H,A,,Y,,A,0,1,0,0,0,0,1,37.84967041015625,-122.27105712890624,ALAMEDA,BERKELEY,other_visible_injury,rear_end,bicycle,daylight,clear,dry,no,no_pedestrian,Monday,unsafe_speed
9664843,2,4,N,F,31.0,-,-,-,N,-,0,1,B,,-,L,W,,bicyclist,unknown,not_applicable,,proceeding_straight,emergency_vehicle,2024,2024-01-08,07:30,1,Adeline,Harmon,0.0,,Y,A,3,0,1,2,A,03,N,C,G,A,A,H,A,,Y,,A,0,1,0,0,0,0,1,37.84967041015625,-122.27105712890624,ALAMEDA,BERKELEY,other_visible_injury,rear_end,bicycle,daylight,clear,dry,no,no_pedestrian,Monday,unsafe_speed
9664845,1,4,Y,M,83.0,A,-,-,F,-,0,1,B,,-,L,W,-,bicyclist,not_drinking,not_applicable,,proceeding_straight,emergency_vehicle,2024,2024-01-05,11:17,5,Alcatraz,Ellis,0.0,,Y,A,3,0,1,2,A,03,N,B,G,A,A,H,A,,Y,,L,0,1,0,0,0,0,1,37.84857940673828,-122.27725982666016,ALAMEDA,BERKELEY,other_visible_injury,sideswipe,bicycle,daylight,clear,dry,no,no_pedestrian,Friday,unsafe_speed
9664845,2,1,N,F,35.0,A,-,M,N,-,0,0,K,2021.0,-,A,B,,driver,not_drinking,airbag,hispanic,changing_lanes,passenger_car,2024,2024-01-05,11:17,5,Alcatraz,Ellis,0.0,,Y,A,3,0,1,2,A,03,N,B,G,A,A,H,A,,Y,,L,0,1,0,0,0,0,1,37.84857940673828,-122.27725982666016,ALAMEDA,BERKELEY,other_visible_injury,sideswipe,bicycle,daylight,clear,dry,no,no_pedestrian,Friday,unsafe_speed
9665440,1,1,Y,M,25.0,A,-,M,A,-,0,0,B,2019.0,-,D,B,,driver,not_drinking,airbag,hispanic,proceeding_straight,pickup_truck,2024,2024-01-26,00:59,5,10Th,University,0.0,,Y,A,2,0,1,2,A,10,N,G,B,B,A,H,B,Y,,,D,1,0,0,0,1,0,0,37.86886978149414,-122.29328918457033,ALAMEDA,BERKELEY,severe_injury,vehicle_pedestrian,pedestrian,dusk_dawn,clear,dry,no,crossing_in_crosswalk_at_intersection,Friday,pedestrian_right_of_way
9665440,2,2,N,M,22.0,A,-,-,-,-,0,1,R,,-,N,O,,pedestrian,not_drinking,not_applicable,,traveling_wrong_way,city_bus,2024,2024-01-26,00:59,5,10Th,University,0.0,,Y,A,2,0,1,2,A,10,N,G,B,B,A,H,B,Y,,,D,1,0,0,0,1,0,0,37.86886978149414,-122.29328918457033,ALAMEDA,BERKELEY,severe_injury,vehicle_pedestrian,pedestrian,dusk_dawn,clear,dry,no,crossing_in_crosswalk_at_intersection,Friday,pedestrian_right_of_way
9665452,1,1,Y,M,52.0,A,-,M,N,-,0,0,D,2020.0,-,F,B,,driver,not_drinking,airbag,hispanic,ran_off_road_left,panel_truck,2024,2024-01-22,07:00,1,Martin Luther King Jr,Addison,0.0,,Y,C,3,0,1,2,A,10,N,G,B,B,B,A,B,Y,,,F,0,1,0,0,1,0,0,37.87057876586914,-122.27288818359376,ALAMEDA,BERKELEY,other_visible_injury,vehicle_pedestrian,pedestrian,dusk_dawn,raining,wet,no,crossing_in_crosswalk_at_intersection,Monday,pedestrian_right_of_way
9665452,2,2,N,M,61.0,A,-,-,N,-,0,1,B,,-,N,W,,pedestrian,not_drinking,not_applicable,,proceeding_straight,city_bus,2024,2024-01-22,07:00,1,Martin Luther King Jr,Addison,0.0,,Y,C,3,0,1,2,A,10,N,G,B,B,B,A,B,Y,,,F,0,1,0,0,1,0,0,37.87057876586914,-122.27288818359376,ALAMEDA,BERKELEY,other_visible_injury,vehicle_pedestrian,pedestrian,dusk_dawn,raining,wet,no,crossing_in_crosswalk_at_intersection,Monday,pedestrian_right_of_way
9665464,1,1,Y,M,58.0,A,-,M,N,-,0,0,E,2012.0,-,D,H,,driver,not_drinking,airbag,other,making_right_turn,pickup_truck,2024,2024-01-23,06:26,2,Hearst,Oxford,0.0,,Y,B,2,0,1,2,A,10,N,G,B,B,B,H,C,Y,,,D,1,0,0,0,1,0,0,37.874149322509766,-122.26628875732422,ALAMEDA,BERKELEY,severe_injury,vehicle_pedestrian,pedestrian,dark_street_lights,cloudy,wet,no,crossing_in_crosswalk_at_intersection,Tuesday,pedestrian_right_of_way
9665464,2,2,N,F,66.0,A,-,-,N,-,0,1,B,,-,N,W,,pedestrian,not_drinking,not_applicable,,proceeding_straight,city_bus,2024,2024-01-23,06:26,2,Hearst,Oxford,0.0,,Y,B,2,0,1,2,A,10,N,G,B,B,B,H,C,Y,,,D,1,0,0,0,1,0,0,37.874149322509766,-122.26628875732422,ALAMEDA,BERKELEY,severe_injury,vehicle_pedestrian,pedestrian,dark_street_lights,cloudy,wet,no,crossing_in_crosswalk_at_intersection,Tuesday,pedestrian_right_of_way
9665480,1,1,Y,M,40.0,A,-,M,A,-,0,0,B,1999.0,-,D,W,,driver,not_drinking,airbag,,proceeding_straight,pickup_truck,2024,2024-01-02,19:51,2,Adeline,Harmon,0.0,,Y,C,3,0,1,2,A,10,N,G,B,B,B,H,C,Y,,,D,0,1,0,0,1,0,0,37.84967041015625,-122.27105712890624,ALAMEDA,BERKELEY,other_visible_injury,vehicle_pedestrian,pedestrian,dark_street_lights,raining,wet,no,crossing_in_crosswalk_at_intersection,Tuesday,pedestrian_right_of_way
9665480,2,2,N,F,36.0,A,-,-,N,-,0,1,B,,-,N,B,,pedestrian,not_drinking,not_applicable,hispanic,proceeding_straight,city_bus,2024,2024-01-02,19:51,2,Adeline,Harmon,0.0,,Y,C,3,0,1,2,A,10,N,G,B,B,B,H,C,Y,,,D,0,1,0,0,1,0,0,37.84967041015625,-122.27105712890624,ALAMEDA,BERKELEY,other_visible_injury,vehicle_pedestrian,pedestrian,dark_street_lights,raining,wet,no,crossing_in_crosswalk_at_intersection,Tuesday,pedestrian_right_of_way
9665658,1,1,Y,F,45.0,A,-,M,F,-,0,0,E,2014.0,-,A,W,-,driver,not_drinking,airbag,,making_right_turn,passenger_car,2024,2024-02-28,14:59,3,7Th,Heinz,0.0,,Y,A,2,0,1,2,A,10,N,G,B,B,A,H,A,Y,,,A,1,0,0,0,1,0,0,37.85348129272461,-122.29189300537108,ALAMEDA,BERKELEY,severe_injury,vehicle_pedestrian,pedestrian,daylight,clear,dry,no,crossing_in_crosswalk_at_intersection,Wednesday,pedestrian_right_of_way
9665658,2,2,N,F,53.0,A,-,-,N,-,0,1,E,,-,N,W,,pedestrian,not_drinking,not_applicable,,making_right_turn,city_bus,2024,2024-02-28,14:59,3,7Th,Heinz,0.0,,Y,A,2,0,1,2,A,10,N,G,B,B,A,H,A,Y,,,A,1,0,0,0,1,0,0,37.85348129272461,-122.29189300537108,ALAMEDA,BERKELEY,severe_injury,vehicle_pedestrian,pedestrian,daylight,clear,dry,no,crossing_in_crosswalk_at_intersection,Wednesday,pedestrian_right_of_way
9665660,1,1,Y,F,81.0,A,-,M,-,-,0,0,B,2021.0,-,A,W,,driver,not_drinking,airbag,,proceeding_straight,passenger_car,2024,2024-02-28,12:13,3,Dana,Channing,0.0,,Y,A,3,0,1,2,A,10,N,D,B,B,A,F,A,Y,,,A,0,1,0,0,1,0,0,37.86661148071289,-122.26100158691406,ALAMEDA,BERKELEY,other_visible_injury,broadside,pedestrian,daylight,clear,dry,no,crossing_in_crosswalk_at_intersection,Wednesday,pedestrian_right_of_way
9665660,2,2,N,F,65.0,A,-,-,-,-,0,1,B,,-,N,B,,pedestrian,not_drinking,not_applicable,hispanic,proceeding_straight,city_bus,2024,2024-02-28,12:13,3,Dana,Channing,0.0,,Y,A,3,0,1,2,A,10,N,D,B,B,A,F,A,Y,,,A,0,1,0,0,1,0,0,37.86661148071289,-122.26100158691406,ALAMEDA,BERKELEY,other_visible_injury,broadside,pedestrian,daylight,clear,dry,no,crossing_in_crosswalk_at_intersection,Wednesday,pedestrian_right_of_way
9665662,1,1,Y,F,59.0,A,-,M,-,-,0,0,E,2019.0,-,A,W,,driver,not_drinking,airbag,,making_right_turn,passenger_car,2024,2024-02-27,16:44,2,Channing,Shattuck,0.0,,Y,A,2,0,1,2,A,10,N,G,B,B,A,H,B,Y,,,A,1,0,0,0,1,0,0,37.865779876708984,-122.267578125,ALAMEDA,BERKELEY,severe_injury,vehicle_pedestrian,pedestrian,dusk_dawn,clear,dry,no,crossing_in_crosswalk_at_intersection,Tuesday,pedestrian_right_of_way
9665662,2,2,N,F,67.0,A,-,-,-,-,0,1,B,,-,N,O,,pedestrian,not_drinking,not_applicable,,proceeding_straight,city_bus,2024,2024-02-27,16:44,2,Channing,Shattuck,0.0,,Y,A,2,0,1,2,A,10,N,G,B,B,A,H,B,Y,,,A,1,0,0,0,1,0,0,37.865779876708984,-122.267578125,ALAMEDA,BERKELEY,severe_injury,vehicle_pedestrian,pedestrian,dusk_dawn,clear,dry,no,crossing_in_crosswalk_at_intersection,Tuesday,pedestrian_right_of_way
9665665,1,4,Y,M,23.0,A,-,-,A,N,0,1,B,,-,L,O,,bicyclist,not_drinking,not_applicable,,proceeding_straight,emergency_vehicle,2024,2024-02-24,15:36,6,Murray,Bike Path,0.0,,Y,A,3,0,1,2,A,09,N,D,G,A,A,H,A,,Y,,L,0,1,0,0,0,0,1,37.85118865966797,-122.28903198242188,ALAMEDA,BERKELEY,other_visible_injury,broadside,bicycle,daylight,clear,dry,no,no_pedestrian,Saturday,automobile_right_of_way
9665665,2,1,N,F,26.0,A,-,M,N,-,0,0,B,2010.0,-,A,H,,driver,not_drinking,airbag,other,proceeding_straight,passenger_car,2024,2024-02-24,15:36,6,Murray,Bike Path,0.0,,Y,A,3,0,1,2,A,09,N,D,G,A,A,H,A,,Y,,L,0,1,0,0,0,0,1,37.85118865966797,-122.28903198242188,ALAMEDA,BERKELEY,other_visible_injury,broadside,bicycle,daylight,clear,dry,no,no_pedestrian,Saturday,automobile_right_of_way
9665666,1,1,Y,-,,G,G,B,N,-,0,0,I,,-,A,,,driver,not_applicable,unknown,,slowing_stopping,passenger_car,2024,2024-02-23,08:40,5,9Th,Dwight,0.0,,Y,A,3,0,1,2,A,00,F,B,G,A,A,H,A,,Y,,A,0,1,0,0,0,0,1,37.860641479492195,-122.29181671142578,ALAMEDA,BERKELEY,other_visible_injury,sideswipe,bicycle,daylight,clear,dry,felony,no_pedestrian,Friday,unknown
9665666,2,4,N,M,33.0,A,-,-,N,-,0,1,B,,-,L,W,,bicyclist,not_drinking,not_applicable,,proceeding_straight,emergency_vehicle,2024,2024-02-23,08:40,5,9Th,Dwight,0.0,,Y,A,3,0,1,2,A,00,F,B,G,A,A,H,A,,Y,,A,0,1,0,0,0,0,1,37.860641479492195,-122.29181671142578,ALAMEDA,BERKELEY,other_visible_injury,sideswipe,bicycle,daylight,clear,dry,felony,no_pedestrian,Friday,unknown
9665668,1,1,Y,M,64.0,A,-,M,N,-,0,0,E,2014.0,-,A,O,,driver,not_drinking,airbag,,making_right_turn,passenger_car,2024,2024-02-21,13:50,3,Dwight,Dana,0.0,,Y,A,3,0,1,2,A,10,N,G,B,B,A,H,A,Y,,,A,0,1,0,0,1,0,0,37.86483001708984,-122.2607192993164,ALAMEDA,BERKELEY,other_visible_injury,vehicle_pedestrian,pedestrian,daylight,clear,dry,no,crossing_in_crosswalk_at_intersection,Wednesday,pedestrian_right_of_way
9665668,2,2,N,F,19.0,A,-,-,N,-,0,1,-,,-,N,A,,pedestrian,not_drinking,not_applicable,white,unknown,city_bus,2024,2024-02-21,13:50,3,Dwight,Dana,0.0,,Y,A,3,0,1,2,A,10,N,G,B,B,A,H,A,Y,,,A,0,1,0,0,1,0,0,37.86483001708984,-122.2607192993164,ALAMEDA,BERKELEY,other_visible_injury,vehicle_pedestrian,pedestrian,daylight,clear,dry,no,crossing_in_crosswalk_at_intersection,Wednesday,pedestrian_right_of_way
9665670,1,1,Y,F,49.0,A,-,-,-,-,0,0,F,2023.0,-,A,O,,driver,not_drinking,not_applicable,,making_left_turn,passenger_car,2024,2024-02-21,11:31,3,College,Alcatraz Av,100.0,S,N,A,3,0,1,2,A,09,N,A,G,A,A,H,A,,Y,,A,0,1,0,0,0,0,1,37.851261138916016,-122.25247955322266,ALAMEDA,BERKELEY,other_visible_injury,head_on,bicycle,daylight,clear,dry,no,no_pedestrian,Wednesday,automobile_right_of_way
9665670,2,4,N,M,33.0,G,G,-,-,-,0,1,B,,-,L,B,,bicyclist,not_applicable,not_applicable,hispanic,proceeding_straight,emergency_vehicle,2024,2024-02-21,11:31,3,College,Alcatraz Av,100.0,S,N,A,3,0,1,2,A,09,N,A,G,A,A,H,A,,Y,,A,0,1,0,0,0,0,1,37.851261138916016,-122.25247955322266,ALAMEDA,BERKELEY,other_visible_injury,head_on,bicycle,daylight,clear,dry,no,no_pedestrian,Wednesday,automobile_right_of_way
9665671,1,1,Y,M,87.0,A,-,M,-,-,0,0,E,1999.0,-,A,W,,driver,not_drinking,airbag,,making_right_turn,passenger_car,2024,2024-02-21,10:50,3,Euclid,Eunice,0.0,,Y,B,4,0,1,2,A,10,N,G,B,B,A,H,A,Y,,,A,0,0,1,0,1,0,0,37.88665008544922,-122.26235198974608,ALAMEDA,BERKELEY,complaint_of_pain,vehicle_pedestrian,pedestrian,daylight,cloudy,dry,no,crossing_in_crosswalk_at_intersection,Wednesday,pedestrian_right_of_way
9665671,2,2,N,F,75.0,A,-,-,-,-,0,1,B,,-,N,W,,pedestrian,not_drinking,not_applicable,,proceeding_straight,city_bus,2024,2024-02-21,10:50,3,Euclid,Eunice,0.0,,Y,B,4,0,1,2,A,10,N,G,B,B,A,H,A,Y,,,A,0,0,1,0,1,0,0,37.88665008544922,-122.26235198974608,ALAMEDA,BERKELEY,complaint_of_pain,vehicle_pedestrian,pedestrian,daylight,cloudy,dry,no,crossing_in_crosswalk_at_intersection,Wednesday,pedestrian_right_of_way
9665672,1,1,Y,M,23.0,A,-,M,N,-,0,0,E,2005.0,-,A,A,,driver,not_drinking,airbag,white,making_right_turn,passenger_car,2024,2024-02-17,23:12,6,University,Martin Luther King Jr Wy,0.0,,Y,C,3,0,1,2,A,10,N,G,B,B,B,H,C,Y,,,A,0,1,0,0,1,0,0,37.871559143066406,-122.27300262451172,ALAMEDA,BERKELEY,other_visible_injury,vehicle_pedestrian,pedestrian,dark_street_lights,raining,wet,no,crossing_in_crosswalk_at_intersection,Saturday,pedestrian_right_of_way
9665672,2,2,N,F,31.0,A,-,-,N,-,0,1,E,,-,N,W,,pedestrian,not_drinking,not_applicable,,making_right_turn,city_bus,2024,2024-02-17,23:12,6,University,Martin Luther King Jr Wy,0.0,,Y,C,3,0,1,2,A,10,N,G,B,B,B,H,C,Y,,,A,0,1,0,0,1,0,0,37.871559143066406,-122.27300262451172,ALAMEDA,BERKELEY,other_visible_injury,vehicle_pedestrian,pedestrian,dark_street_lights,raining,wet,no,crossing_in_crosswalk_at_intersection,Saturday,pedestrian_right_of_way
9665673,1,1,Y,F,54.0,A,-,-,F,-,0,0,D,2022.0,-,A,W,-,driver,not_drinking,not_applicable,,ran_off_road_left,passenger_car,2024,2024-02-17,12:15,6,College,Ashby,0.0,,Y,A,3,0,1,2,A,08,N,G,B,B,A,H,A,Y,,,A,0,1,0,0,1,0,0,37.85704040527344,-122.25303649902344,ALAMEDA,BERKELEY,other_visible_injury,vehicle_pedestrian,pedestrian,daylight,clear,dry,no,crossing_in_crosswalk_at_intersection,Saturday,improper_turning
9665673,2,2,N,-,44.0,A,-,-,N,-,0,1,R,,-,N,B,,pedestrian,not_drinking,not_applicable,hispanic,traveling_wrong_way,city_bus,2024,2024-02-17,12:15,6,College,Ashby,0.0,,Y,A,3,0,1,2,A,08,N,G,B,B,A,H,A,Y,,,A,0,1,0,0,1,0,0,37.85704040527344,-122.25303649902344,ALAMEDA,BERKELEY,other_visible_injury,vehicle_pedestrian,pedestrian,daylight,clear,dry,no,crossing_in_crosswalk_at_intersection,Saturday,improper_turning
9665674,1,4,Y,F,37.0,A,-,-,-,-,0,1,B,,-,L,H,,bicyclist,not_drinking,not_applicable,other,proceeding_straight,emergency_vehicle,2024,2024-02-17,08:41,6,Cedar,Stannage Av,20.0,E,N,C,3,0,1,1,A,03,N,H,G,A,B,H,A,,Y,,L,0,1,0,0,0,0,1,,,ALAMEDA,BERKELEY,other_visible_injury,other,bicycle,daylight,raining,wet,no,no_pedestrian,Saturday,unsafe_speed
9665676,1,4,Y,M,68.0,A,-,-,A,-,0,1,L,,-,L,B,,bicyclist,not_drinking,not_applicable,hispanic,parking_maneuver,emergency_vehicle,2024,2024-02-16,18:13,5,Sacramento,Harmon,0.0,,Y,B,3,0,1,2,A,09,N,D,G,A,A,H,C,,Y,,L,0,1,0,0,0,0,1,,,ALAMEDA,BERKELEY,other_visible_injury,broadside,bicycle,dark_street_lights,cloudy,dry,no,no_pedestrian,Friday,automobile_right_of_way
9665676,2,1,N,M,68.0,A,-,M,N,-,0,0,B,2012.0,-,A,W,,driver,not_drinking,airbag,,proceeding_straight,passenger_car,2024,2024-02-16,18:13,5,Sacramento,Harmon,0.0,,Y,B,3,0,1,2,A,09,N,D,G,A,A,H,C,,Y,,L,0,1,0,0,0,0,1,,,ALAMEDA,BERKELEY,other_visible_injury,broadside,bicycle,dark_street_lights,cloudy,dry,no,no_pedestrian,Friday,automobile_right_of_way