case_id,party_number,party_type,at_fault,party_sex,party_age,party_sobriety,party_drug_physical,party_safety_equip_1,oaf_1,oaf_2,party_number_killed,party_number_injured,move_pre_acc,vehicle_year,vehicle_make,stwd_vehicle_type,race,inattention,party_type_label,sobriety_label,safety_equip_label,race_label,move_pre_acc_label,vehicle_type_label,accident_year,collision_date,collision_time,day_of_week,primary_rd,secondary_rd,distance,direction,intersection,weather_1,collision_severity,number_killed,number_injured,party_count,primary_coll_factor,pcf_viol_category,hit_and_run,type_of_collision,mviw,ped_action,road_surface,road_cond_1,lighting,pedestrian_accident,bicycle_accident,alcohol_involved,stwd_vehtype_at_fault,count_severe_inj,count_visible_inj,count_complaint_pain,count_ped_killed,count_ped_injured,count_bicyclist_killed,count_bicyclist_injured,latitude,longitude,county,city,severity_label,collision_type_label,mviw_label,lighting_label,weather_label,road_surface_label,hit_and_run_label,ped_action_label,day_of_week_label,pcf_category_label
9791468,2,2,N,M,16.0,A,-,-,-,-,0,1,R,,-,N,O,,pedestrian,not_drinking,not_applicable,,traveling_wrong_way,city_bus,2025,2025-01-03,15:05,5,The Alameda,Hopkins St,0.0,,Y,A,3,0,1,2,A,10,N,G,B,B,A,H,A,Y,,,A,0,1,0,0,1,0,0,37.885780334472656,-122.2749481201172,ALAMEDA,BERKELEY,other_visible_injury,vehicle_pedestrian,pedestrian,daylight,clear,dry,no,crossing_in_crosswalk_at_intersection,Friday,pedestrian_right_of_way
9793311,1,1,Y,F,84.0,A,-,M,J,-,0,0,B,2021.0,-,A,W,,driver,not_drinking,airbag,,proceeding_straight,passenger_car,2024,2024-12-21,17:21,6,San Pablo Av,Castro St,0.0,,Y,B,3,0,1,2,A,10,N,G,B,C,B,H,C,Y,,,A,0,1,0,0,1,0,0,37.89421081542969,-122.29998016357422,ALAMEDA,ALBANY,other_visible_injury,vehicle_pedestrian,pedestrian,dark_street_lights,cloudy,wet,no,crossing_in_crosswalk_not_at_intersection,Saturday,pedestrian_right_of_way
9793311,2,2,N,M,61.0,-,-,-,-,-,0,1,-,,-,N,B,,pedestrian,unknown,not_applicable,hispanic,unknown,city_bus,2024,2024-12-21,17:21,6,San Pablo Av,Castro St,0.0,,Y,B,3,0,1,2,A,10,N,G,B,C,B,H,C,Y,,,A,0,1,0,0,1,0,0,37.89421081542969,-122.29998016357422,ALAMEDA,ALBANY,other_visible_injury,vehicle_pedestrian,pedestrian,dark_street_lights,cloudy,wet,no,crossing_in_crosswalk_not_at_intersection,Saturday,pedestrian_right_of_way
9798409,1,1,N,M,77.0,A,-,M,N,-,0,0,E,2006.0,-,A,W,,driver,not_drinking,airbag,,making_right_turn,passenger_car,2025,2025-04-28,15:50,1,University,California,0.0,,Y,A,3,0,1,2,D,00,N,B,B,E,A,H,A,Y,,,-,0,1,0,0,1,0,0,37.87030029296875,-122.27899932861328,ALAMEDA,BERKELEY,other_visible_injury,sideswipe,pedestrian,daylight,clear,dry,no,in_road_includes_shoulder,Monday,unknown
9798409,2,2,N,M,40.0,A,-,-,N,-,0,1,R,,-,N,B,,pedestrian,not_drinking,not_applicable,hispanic,traveling_wrong_way,city_bus,2025,2025-04-28,15:50,1,University,California,0.0,,Y,A,3,0,1,2,D,00,N,B,B,E,A,H,A,Y,,,-,0,1,0,0,1,0,0,37.87030029296875,-122.27899932861328,ALAMEDA,BERKELEY,other_visible_injury,sideswipe,pedestrian,daylight,clear,dry,no,in_road_includes_shoulder,Monday,unknown
9798416,1,1,Y,M,23.0,A,-,M,N,-,0,0,D,2022.0,-,A,A,,driver,not_drinking,airbag,white,ran_off_road_left,passenger_car,2025,2025-04-18,16:55,5,Oxford St,Hearst Av,0.0,,Y,A,3,0,1,2,A,10,N,G,B,B,A,H,A,Y,,,A,0,1,0,0,1,0,0,37.874000549316406,-122.26599884033205,ALAMEDA,BERKELEY,other_visible_injury,vehicle_pedestrian,pedestrian,daylight,clear,dry,no,crossing_in_crosswalk_at_intersection,Friday,pedestrian_right_of_way
9798416,2,2,N,F,22.0,A,-,-,N,-,0,1,B,,-,N,O,,pedestrian,not_drinking,not_applicable,,proceeding_straight,city_bus,2025,2025-04-18,16:55,5,Oxford St,Hearst Av,0.0,,Y,A,3,0,1,2,A,10,N,G,B,B,A,H,A,Y,,,A,0,1,0,0,1,0,0,37.874000549316406,-122.26599884033205,ALAMEDA,BERKELEY,other_visible_injury,vehicle_pedestrian,pedestrian,daylight,clear,dry,no,crossing_in_crosswalk_at_intersection,Friday,pedestrian_right_of_way
9798418,1,1,Y,M,78.0,A,-,M,N,-,0,0,G,2010.0,-,A,W,,driver,not_drinking,airbag,,making_U_turn,passenger_car,2025,2025-04-17,11:38,4,Shattuck,Oregon St,0.0,,Y,B,3,0,1,2,A,21,N,G,B,D,A,H,A,Y,,,A,0,1,0,0,1,0,0,37.85699844360352,-122.26599884033205,ALAMEDA,BERKELEY,other_visible_injury,vehicle_pedestrian,pedestrian,daylight,cloudy,dry,no,crossing_not_in_crosswalk,Thursday,unsafe_speed
9798418,2,2,N,F,89.0,A,-,-,-,-,0,1,R,,-,N,A,,pedestrian,not_drinking,not_applicable,white,traveling_wrong_way,city_bus,2025,2025-04-17,11:38,4,Shattuck,Oregon St,0.0,,Y,B,3,0,1,2,A,21,N,G,B,D,A,H,A,Y,,,A,0,1,0,0,1,0,0,37.85699844360352,-122.26599884033205,ALAMEDA,BERKELEY,other_visible_injury,vehicle_pedestrian,pedestrian,daylight,cloudy,dry,no,crossing_not_in_crosswalk,Thursday,unsafe_speed
9800117,1,1,Y,-,,G,G,-,G,-,0,0,B,,-,A,,,driver,not_applicable,not_applicable,,proceeding_straight,passenger_car,2025,2025-03-18,15:50,2,Masonic Av,Solano Av,0.0,,Y,A,3,0,2,2,A,12,F,H,G,A,A,H,A,,Y,,A,0,2,0,0,0,0,2,37.890499114990234,-122.29299926757812,ALAMEDA,ALBANY,other_visible_injury,other,bicycle,daylight,clear,dry,felony,no_pedestrian,Tuesday,traffic_signals
9800117,2,4,N,F,23.0,-,-,-,-,-,0,2,B,,-,L,W,,bicyclist,unknown,not_applicable,,proceeding_straight,emergency_vehicle,2025,2025-03-18,15:50,2,Masonic Av,Solano Av,0.0,,Y,A,3,0,2,2,A,12,F,H,G,A,A,H,A,,Y,,A,0,2,0,0,0,0,2,37.890499114990234,-122.29299926757812,ALAMEDA,ALBANY,other_visible_injury,other,bicycle,daylight,clear,dry,felony,no_pedestrian,Tuesday,traffic_signals
9800592,1,1,Y,M,59.0,A,-,M,-,-,0,0,B,1999.0,-,A,W,,driver,not_drinking,airbag,,proceeding_straight,passenger_car,2025,2025-03-04,05:48,2,Gilman St,San Pablo,0.0,,Y,B,4,0,1,2,A,03,N,C,G,A,A,H,D,,Y,,A,0,0,1,0,0,0,1,37.880718231201165,-122.29627227783205,ALAMEDA,BERKELEY,complaint_of_pain,rear_end,bicycle,dark_no_lights,cloudy,dry,no,no_pedestrian,Tuesday,unsafe_speed
9800592,2,4,N,F,23.0,A,-,-,A,-,0,1,A,,-,L,H,,bicyclist,not_drinking,not_applicable,other,stopped,emergency_vehicle,2025,2025-03-04,05:48,2,Gilman St,San Pablo,0.0,,Y,B,4,0,1,2,A,03,N,C,G,A,A,H,D,,Y,,A,0,0,1,0,0,0,1,37.880718231201165,-122.29627227783205,ALAMEDA,BERKELEY,complaint_of_pain,rear_end,bicycle,dark_no_lights,cloudy,dry,no,no_pedestrian,Tuesday,unsafe_speed
9800600,1,4,Y,M,24.0,A,-,-,-,-,0,1,B,,-,L,H,,bicyclist,not_drinking,not_applicable,other,proceeding_straight,emergency_vehicle,2025,2025-03-17,16:35,1,Channing St,San Pablo Av,0.0,,Y,B,2,0,1,2,A,09,N,D,G,A,B,H,A,,Y,,L,1,0,0,0,0,0,1,37.862850189208984,-122.29010772705078,ALAMEDA,BERKELEY,severe_injury,broadside,bicycle,daylight,cloudy,wet,no,no_pedestrian,Monday,automobile_right_of_way
9800600,2,1,N,F,54.0,A,-,M,-,-,0,0,B,2012.0,FORD,A,H,,driver,not_drinking,airbag,other,proceeding_straight,passenger_car,2025,2025-03-17,16:35,1,Channing St,San Pablo Av,0.0,,Y,B,2,0,1,2,A,09,N,D,G,A,B,H,A,,Y,,L,1,0,0,0,0,0,1,37.862850189208984,-122.29010772705078,ALAMEDA,BERKELEY,severe_injury,broadside,bicycle,daylight,cloudy,wet,no,no_pedestrian,Monday,automobile_right_of_way
9800960,1,1,Y,-,,G,G,B,A,-,0,0,I,2025.0,-,A,,,driver,not_applicable,unknown,,slowing_stopping,passenger_car,2025,2025-04-09,15:30,3,Tunnel Rd,The Uplands,0.0,,Y,A,3,0,1,2,A,00,F,B,G,A,A,H,A,,Y,,A,0,1,0,0,0,0,1,,,ALAMEDA,BERKELEY,other_visible_injury,sideswipe,bicycle,daylight,clear,dry,felony,no_pedestrian,Wednesday,unknown
9800960,2,4,N,M,76.0,A,-,-,-,-,0,1,B,,-,L,W,,bicyclist,not_drinking,not_applicable,,proceeding_straight,emergency_vehicle,2025,2025-04-09,15:30,3,Tunnel Rd,The Uplands,0.0,,Y,A,3,0,1,2,A,00,F,B,G,A,A,H,A,,Y,,A,0,1,0,0,0,0,1,,,ALAMEDA,BERKELEY,other_visible_injury,sideswipe,bicycle,daylight,clear,dry,felony,no_pedestrian,Wednesday,unknown
9801779,1,4,Y,M,52.0,A,-,-,N,-,0,1,B,,-,L,B,,bicyclist,not_drinking,not_applicable,hispanic,proceeding_straight,emergency_vehicle,2025,2025-02-03,13:56,1,University Av,University Av 1824,0.0,,Y,B,3,0,1,2,A,17,N,D,G,A,A,H,A,,Y,,L,0,1,0,0,0,0,1,37.87125015258789,-122.27366638183594,ALAMEDA,BERKELEY,other_visible_injury,broadside,bicycle,daylight,cloudy,dry,no,no_pedestrian,Monday,other_hazardous_mv
9801779,2,1,N,M,54.0,A,-,M,N,-,0,0,B,2015.0,-,A,W,,driver,not_drinking,airbag,,proceeding_straight,passenger_car,2025,2025-02-03,13:56,1,University Av,University Av 1824,0.0,,Y,B,3,0,1,2,A,17,N,D,G,A,A,H,A,,Y,,L,0,1,0,0,0,0,1,37.87125015258789,-122.27366638183594,ALAMEDA,BERKELEY,other_visible_injury,broadside,bicycle,daylight,cloudy,dry,no,no_pedestrian,Monday,other_hazardous_mv
9801781,1,1,Y,F,46.0,A,-,P,N,-,0,0,E,2017.0,-,A,W,,driver,not_drinking,,,making_right_turn,passenger_car,2025,2025-02-06,14:10,4,9Th St,Gilman Av,0.0,,Y,C,3,0,1,2,A,00,N,G,B,B,B,H,A,Y,,,A,0,1,0,0,1,0,0,37.88002014160156,-122.29808044433594,ALAMEDA,BERKELEY,other_visible_injury,vehicle_pedestrian,pedestrian,daylight,raining,wet,no,crossing_in_crosswalk_at_intersection,Thursday,unknown
9801781,2,2,N,M,54.0,A,-,-,N,-,0,1,R,,-,N,W,,pedestrian,not_drinking,not_applicable,,traveling_wrong_way,city_bus,2025,2025-02-06,14:10,4,9Th St,Gilman Av,0.0,,Y,C,3,0,1,2,A,00,N,G,B,B,B,H,A,Y,,,A,0,1,0,0,1,0,0,37.88002014160156,-122.29808044433594,ALAMEDA,BERKELEY,other_visible_injury,vehicle_pedestrian,pedestrian,daylight,raining,wet,no,crossing_in_crosswalk_at_intersection,Thursday,unknown
9802961,1,1,Y,M,22.0,A,-,M,A,-,0,0,E,2008.0,-,A,H,,driver,not_drinking,airbag,other,making_right_turn,passenger_car,2025,2025-03-19,20:10,3,Martin Luther King Jr Wy,Berkeley Rd,0.0,,Y,C,4,0,1,2,A,10,N,G,B,B,B,H,C,Y,,,A,0,0,1,0,1,0,0,37.87245178222656,-122.27307891845705,ALAMEDA,BERKELEY,complaint_of_pain,vehicle_pedestrian,pedestrian,dark_street_lights,raining,wet,no,crossing_in_crosswalk_at_intersection,Wednesday,pedestrian_right_of_way
9802961,2,2,N,M,23.0,A,-,-,N,-,0,1,B,,-,N,A,,pedestrian,not_drinking,not_applicable,white,proceeding_straight,city_bus,2025,2025-03-19,20:10,3,Martin Luther King Jr Wy,Berkeley Rd,0.0,,Y,C,4,0,1,2,A,10,N,G,B,B,B,H,C,Y,,,A,0,0,1,0,1,0,0,37.87245178222656,-122.27307891845705,ALAMEDA,BERKELEY,complaint_of_pain,vehicle_pedestrian,pedestrian,dark_street_lights,raining,wet,no,crossing_in_crosswalk_at_intersection,Wednesday,pedestrian_right_of_way
9802963,1,4,Y,M,38.0,A,-,-,N,-,0,1,E,,-,L,W,,bicyclist,not_drinking,not_applicable,,making_right_turn,emergency_vehicle,2025,2025-03-18,08:13,2,Cedar Av,6Th Av,0.0,,Y,A,4,0,1,2,A,08,N,H,G,A,A,H,A,,Y,,L,0,0,1,0,0,0,1,37.87408828735352,-122.29962921142578,ALAMEDA,BERKELEY,complaint_of_pain,other,bicycle,daylight,clear,dry,no,no_pedestrian,Tuesday,improper_turning
9802963,2,1,N,M,23.0,A,-,M,N,-,0,0,B,2012.0,-,A,W,,driver,not_drinking,airbag,,proceeding_straight,passenger_car,2025,2025-03-18,08:13,2,Cedar Av,6Th Av,0.0,,Y,A,4,0,1,2,A,08,N,H,G,A,A,H,A,,Y,,L,0,0,1,0,0,0,1,37.87408828735352,-122.29962921142578,ALAMEDA,BERKELEY,complaint_of_pain,other,bicycle,daylight,clear,dry,no,no_pedestrian,Tuesday,improper_turning
9802964,1,1,Y,F,39.0,G,G,M,N,-,0,0,B,2020.0,-,A,B,,driver,not_applicable,airbag,hispanic,proceeding_straight,passenger_car,2025,2025-03-17,16:40,1,Hearst Av,4Th Av,0.0,,Y,C,3,0,1,2,A,10,N,G,B,B,B,H,A,Y,,,A,0,1,0,0,1,0,0,37.86888122558594,-122.30027770996094,ALAMEDA,BERKELEY,other_visible_injury,vehicle_pedestrian,pedestrian,daylight,raining,wet,no,crossing_in_crosswalk_at_intersection,Monday,pedestrian_right_of_way
9802964,2,2,N,F,24.0,A,-,-,N,-,0,1,B,,-,N,B,,pedestrian,not_drinking,not_applicable,hispanic,proceeding_straight,city_bus,2025,2025-03-17,16:40,1,Hearst Av,4Th Av,0.0,,Y,C,3,0,1,2,A,10,N,G,B,B,B,H,A,Y,,,A,0,1,0,0,1,0,0,37.86888122558594,-122.30027770996094,ALAMEDA,BERKELEY,other_visible_injury,vehicle_pedestrian,pedestrian,daylight,raining,wet,no,crossing_in_crosswalk_at_intersection,Monday,pedestrian_right_of_way
9802965,1,4,Y,F,38.0,A,-,-,N,-,0,1,B,,-,L,W,,bicyclist,not_drinking,not_applicable,,proceeding_straight,emergency_vehicle,2025,2025-03-15,13:49,6,Milvia St,Derby,0.0,,Y,A,3,0,1,2,A,12,N,D,G,A,A,H,A,,Y,,L,0,1,0,0,0,0,1,37.86003112792969,-122.26941680908205,ALAMEDA,BERKELEY,other_visible_injury,broadside,bicycle,daylight,clear,dry,no,no_pedestrian,Saturday,traffic_signals
9802965,2,1,N,F,45.0,A,-,M,N,-,0,0,B,2016.0,AUDI,A,A,,driver,not_drinking,airbag,white,proceeding_straight,passenger_car,2025,2025-03-15,13:49,6,Milvia St,Derby,0.0,,Y,A,3,0,1,2,A,12,N,D,G,A,A,H,A,,Y,,L,0,1,0,0,0,0,1,37.86003112792969,-122.26941680908205,ALAMEDA,BERKELEY,other_visible_injury,broadside,bicycle,daylight,clear,dry,no,no_pedestrian,Saturday,traffic_signals
9802971,1,1,Y,F,68.0,A,-,M,N,-,0,0,B,2009.0,-,A,W,,driver,not_drinking,airbag,,proceeding_straight,passenger_car,2025,2025-03-11,09:35,2,College Av,Stuart St,0.0,,Y,A,3,0,1,2,A,10,N,G,B,B,A,H,A,Y,,,A,0,1,0,0,1,0,0,,,ALAMEDA,BERKELEY,other_visible_injury,vehicle_pedestrian,pedestrian,daylight,clear,dry,no,crossing_in_crosswalk_at_intersection,Tuesday,pedestrian_right_of_way
9802971,2,2,N,F,64.0,A,-,-,N,-,0,1,B,,-,N,W,,pedestrian,not_drinking,not_applicable,,proceeding_straight,city_bus,2025,2025-03-11,09:35,2,College Av,Stuart St,0.0,,Y,A,3,0,1,2,A,10,N,G,B,B,A,H,A,Y,,,A,0,1,0,0,1,0,0,,,ALAMEDA,BERKELEY,other_visible_injury,vehicle_pedestrian,pedestrian,daylight,clear,dry,no,crossing_in_crosswalk_at_intersection,Tuesday,pedestrian_right_of_way
9803019,1,1,Y,F,67.0,A,-,M,N,-,0,0,O,1991.0,-,A,W,,driver,not_drinking,airbag,,crossed_into_opposing_lane,passenger_car,2025,2025-03-05,14:00,3,Dana,Ward,0.0,,Y,A,2,0,1,2,A,17,N,A,G,A,A,H,A,,Y,,A,1,0,0,0,0,0,1,37.86037063598633,-122.25980377197266,ALAMEDA,BERKELEY,severe_injury,head_on,bicycle,daylight,clear,dry,no,no_pedestrian,Wednesday,other_hazardous_mv
9803019,2,4,N,M,35.0,A,-,-,N,-,0,1,B,,-,L,W,,bicyclist,not_drinking,not_applicable,,proceeding_straight,emergency_vehicle,2025,2025-03-05,14:00,3,Dana,Ward,0.0,,Y,A,2,0,1,2,A,17,N,A,G,A,A,H,A,,Y,,A,1,0,0,0,0,0,1,37.86037063598633,-122.25980377197266,ALAMEDA,BERKELEY,severe_injury,head_on,bicycle,daylight,clear,dry,no,no_pedestrian,Wednesday,other_hazardous_mv
9803022,1,4,Y,M,76.0,A,-,-,N,-,0,1,B,,-,L,W,,bicyclist,not_drinking,not_applicable,,proceeding_straight,emergency_vehicle,2025,2025-03-02,17:00,7,9Th Av,Dwight,0.0,,Y,A,3,0,1,2,A,12,N,D,G,A,A,H,B,,Y,,L,0,1,0,0,0,0,1,37.860641479492195,-122.29181671142578,ALAMEDA,BERKELEY,other_visible_injury,broadside,bicycle,dusk_dawn,clear,dry,no,no_pedestrian,Sunday,traffic_signals
9803022,2,1,N,F,21.0,A,-,M,E,-,0,0,B,2022.0,-,A,A,,driver,not_drinking,airbag,white,proceeding_straight,passenger_car,2025,2025-03-02,17:00,7,9Th Av,Dwight,0.0,,Y,A,3,0,1,2,A,12,N,D,G,A,A,H,B,,Y,,L,0,1,0,0,0,0,1,37.860641479492195,-122.29181671142578,ALAMEDA,BERKELEY,other_visible_injury,broadside,bicycle,dusk_dawn,clear,dry,no,no_pedestrian,Sunday,traffic_signals
9803027,1,1,Y,F,39.0,A,-,M,N,-,0,0,E,2019.0,-,A,A,,driver,not_drinking,airbag,white,making_right_turn,passenger_car,2025,2025-03-07,17:00,5,Bancroft,Fulton,0.0,,Y,A,3,0,1,2,A,08,N,D,B,B,A,H,B,Y,,,A,0,1,0,0,1,0,0,37.859249114990234,-122.28832244873048,ALAMEDA,BERKELEY,other_visible_injury,broadside,pedestrian,dusk_dawn,clear,dry,no,crossing_in_crosswalk_at_intersection,Friday,improper_turning
9803027,2,2,N,M,38.0,A,-,-,M,-,0,1,B,,-,N,W,,pedestrian,not_drinking,not_applicable,,proceeding_straight,city_bus,2025,2025-03-07,17:00,5,Bancroft,Fulton,0.0,,Y,A,3,0,1,2,A,08,N,D,B,B,A,H,B,Y,,,A,0,1,0,0,1,0,0,37.859249114990234,-122.28832244873048,ALAMEDA,BERKELEY,other_visible_injury,broadside,pedestrian,dusk_dawn,clear,dry,no,crossing_in_crosswalk_at_intersection,Friday,improper_turning
9806547,1,1,Y,M,66.0,A,-,M,N,-,0,0,I,2018.0,-,A,O,,driver,not_drinking,airbag,,slowing_stopping,passenger_car,2025,2025-04-28,09:56,1,Washington Av,San Pablo Av,0.0,,Y,A,3,0,1,2,A,00,N,G,B,E,A,H,A,Y,,,A,0,1,0,0,1,0,0,37.89213180541992,-122.29981231689452,ALAMEDA,ALBANY,other_visible_injury,vehicle_pedestrian,pedestrian,daylight,clear,dry,no,in_road_includes_shoulder,Monday,unknown
9806547,2,2,N,M,58.0,A,-,-,N,-,0,1,A,,-,N,B,,pedestrian,not_drinking,not_applicable,hispanic,stopped,city_bus,2025,2025-04-28,09:56,1,Washington Av,San Pablo Av,0.0,,Y,A,3,0,1,2,A,00,N,G,B,E,A,H,A,Y,,,A,0,1,0,0,1,0,0,37.89213180541992,-122.29981231689452,ALAMEDA,ALBANY,other_visible_injury,vehicle_pedestrian,pedestrian,daylight,clear,dry,no,in_road_includes_shoulder,Monday,unknown
9810480,1,1,Y,-,,G,G,B,A,-,0,0,B,,-,A,,,driver,not_applicable,unknown,,proceeding_straight,passenger_car,2025,2025-04-14,07:32,1,Delaware,West,0.0,,Y,F,2,0,1,2,A,10,F,G,B,B,A,H,B,Y,,,A,1,0,0,0,1,0,0,,,ALAMEDA,BERKELEY,severe_injury,vehicle_pedestrian,pedestrian,dusk_dawn,other,dry,felony,crossing_in_crosswalk_at_intersection,Monday,pedestrian_right_of_way
9810480,2,2,N,F,48.0,A,-,-,N,-,0,1,B,,-,N,W,,pedestrian,not_drinking,not_applicable,,proceeding_straight,city_bus,2025,2025-04-14,07:32,1,Delaware,West,0.0,,Y,F,2,0,1,2,A,10,F,G,B,B,A,H,B,Y,,,A,1,0,0,0,1,0,0,,,ALAMEDA,BERKELEY,severe_injury,vehicle_pedestrian,pedestrian,dusk_dawn,other,dry,felony,crossing_in_crosswalk_at_intersection,Monday,pedestrian_right_of_way
9810481,1,1,Y,M,18.0,A,-,M,A,-,0,0,B,2018.0,-,A,O,,driver,not_drinking,airbag,,proceeding_straight,passenger_car,2025,2025-04-12,20:19,6,University,Jefferson,0.0,,Y,A,2,0,1,2,A,10,N,G,B,B,A,H,C,Y,,,A,1,0,0,0,1,0,0,37.87080001831055,-122.27799987792967,ALAMEDA,BERKELEY,severe_injury,vehicle_pedestrian,pedestrian,dark_street_lights,clear,dry,no,crossing_in_crosswalk_at_intersection,Saturday,pedestrian_right_of_way
9810481,2,2,N,F,67.0,A,-,-,N,-,0,1,B,,-,N,W,,pedestrian,not_drinking,not_applicable,,proceeding_straight,city_bus,2025,2025-04-12,20:19,6,University,Jefferson,0.0,,Y,A,2,0,1,2,A,10,N,G,B,B,A,H,C,Y,,,A,1,0,0,0,1,0,0,37.87080001831055,-122.27799987792967,ALAMEDA,BERKELEY,severe_injury,vehicle_pedestrian,pedestrian,dark_street_lights,clear,dry,no,crossing_in_crosswalk_at_intersection,Saturday,pedestrian_right_of_way
9810482,1,1,Y,F,21.0,A,-,M,N,-,0,0,E,2019.0,-,A,W,,driver,not_drinking,airbag,,making_right_turn,passenger_car,2025,2025-04-12,11:26,6,Telegraph,Parker,0.0,,Y,A,3,0,1,2,A,10,N,G,B,B,A,H,A,Y,,,A,0,1,0,0,1,0,0,37.862998962402344,-122.25800323486328,ALAMEDA,BERKELEY,other_visible_injury,vehicle_pedestrian,pedestrian,daylight,clear,dry,no,crossing_in_crosswalk_at_intersection,Saturday,pedestrian_right_of_way
9810482,2,2,N,M,46.0,A,-,-,N,-,0,1,B,,-,N,B,,pedestrian,not_drinking,not_applicable,hispanic,proceeding_straight,city_bus,2025,2025-04-12,11:26,6,Telegraph,Parker,0.0,,Y,A,3,0,1,2,A,10,N,G,B,B,A,H,A,Y,,,A,0,1,0,0,1,0,0,37.862998962402344,-122.25800323486328,ALAMEDA,BERKELEY,other_visible_injury,vehicle_pedestrian,pedestrian,daylight,clear,dry,no,crossing_in_crosswalk_at_intersection,Saturday,pedestrian_right_of_way
9810484,1,1,Y,M,37.0,A,-,P,N,-,0,0,B,2009.0,-,C,B,,driver,not_drinking,,hispanic,proceeding_straight,motorcycle,2025,2025-04-10,21:35,4,Channing,Roosevelt,0.0,,Y,A,3,0,1,2,A,17,N,A,G,A,A,H,C,,Y,,C,0,1,0,0,0,0,1,37.86399841308594,-122.27500152587892,ALAMEDA,BERKELEY,other_visible_injury,head_on,bicycle,dark_street_lights,clear,dry,no,no_pedestrian,Thursday,other_hazardous_mv
9810484,2,4,N,F,24.0,A,-,-,N,-,0,1,B,,-,L,W,,bicyclist,not_drinking,not_applicable,,proceeding_straight,emergency_vehicle,2025,2025-04-10,21:35,4,Channing,Roosevelt,0.0,,Y,A,3,0,1,2,A,17,N,A,G,A,A,H,C,,Y,,C,0,1,0,0,0,0,1,37.86399841308594,-122.27500152587892,ALAMEDA,BERKELEY,other_visible_injury,head_on,bicycle,dark_street_lights,clear,dry,no,no_pedestrian,Thursday,other_hazardous_mv
9810485,1,4,Y,F,71.0,A,-,-,N,-,0,1,B,,-,L,A,,bicyclist,not_drinking,not_applicable,white,proceeding_straight,emergency_vehicle,2025,2025-04-08,10:38,2,Cedar,9Th,0.0,,Y,A,3,0,1,2,A,09,N,D,G,A,A,H,A,,Y,,L,0,1,0,0,0,0,1,,,ALAMEDA,BERKELEY,other_visible_injury,broadside,bicycle,daylight,clear,dry,no,no_pedestrian,Tuesday,automobile_right_of_way
9810485,2,1,N,F,76.0,A,-,M,N,-,0,0,B,2021.0,-,A,W,,driver,not_drinking,airbag,,proceeding_straight,passenger_car,2025,2025-04-08,10:38,2,Cedar,9Th,0.0,,Y,A,3,0,1,2,A,09,N,D,G,A,A,H,A,,Y,,L,0,1,0,0,0,0,1,,,ALAMEDA,BERKELEY,other_visible_injury,broadside,bicycle,daylight,clear,dry,no,no_pedestrian,Tuesday,automobile_right_of_way
9810486,1,4,Y,F,61.0,G,G,-,-,-,0,1,E,,-,L,B,,bicyclist,not_applicable,not_applicable,hispanic,making_right_turn,emergency_vehicle,2025,2025-04-07,02:10,1,2Nd,Cedar,0.0,,Y,C,3,0,1,1,A,03,N,H,G,A,-,H,D,,Y,,L,0,1,0,0,0,0,1,37.87300109863281,-122.3040008544922,ALAMEDA,BERKELEY,other_visible_injury,other,bicycle,dark_no_lights,raining,,no,no_pedestrian,Monday,unsafe_speed
9812054,1,4,Y,M,66.0,A,-,-,A,-,0,1,L,,-,M,W,,bicyclist,not_drinking,not_applicable,,parking_maneuver,highway_construction,2025,2025-06-03,11:37,2,Addison,San Pablo,0.0,,Y,A,4,0,1,2,A,17,N,B,G,A,A,H,A,,Y,,M,0,0,1,0,0,0,1,37.86814880371094,-122.29180908203124,ALAMEDA,BERKELEY,complaint_of_pain,sideswipe,bicycle,daylight,clear,dry,no,no_pedestrian,Tuesday,other_hazardous_mv
9812054,2,1,N,M,51.0,A,-,L,N,-,0,0,D,2007.0,-,D,H,,driver,not_drinking,,other,ran_off_road_left,pickup_truck,2025,2025-06-03,11:37,2,Addison,San Pablo,0.0,,Y,A,4,0,1,2,A,17,N,B,G,A,A,H,A,,Y,,M,0,0,1,0,0,0,1,37.86814880371094,-122.29180908203124,ALAMEDA,BERKELEY,complaint_of_pain,sideswipe,bicycle,daylight,clear,dry,no,no_pedestrian,Tuesday,other_hazardous_mv
9814399,1,1,Y,F,52.0,A,-,M,N,-,0,0,B,2010.0,-,A,W,,driver,not_drinking,airbag,,proceeding_straight,passenger_car,2025,2025-05-30,08:05,5,Russell St,Florence St,0.0,,Y,A,3,0,1,2,A,09,N,D,G,A,A,H,A,,Y,,A,0,1,0,0,0,0,1,37.857791900634766,-122.25852966308594,ALAMEDA,BERKELEY,other_visible_injury,broadside,bicycle,daylight,clear,dry,no,no_pedestrian,Friday,automobile_right_of_way