case_id,party_number,party_type,at_fault,party_sex,party_age,party_sobriety,party_drug_physical,party_safety_equip_1,oaf_1,oaf_2,party_number_killed,party_number_injured,move_pre_acc,vehicle_year,vehicle_make,stwd_vehicle_type,race,inattention,party_type_label,sobriety_label,safety_equip_label,race_label,move_pre_acc_label,vehicle_type_label,accident_year,collision_date,collision_time,day_of_week,primary_rd,secondary_rd,distance,direction,intersection,weather_1,collision_severity,number_killed,number_injured,party_count,primary_coll_factor,pcf_viol_category,hit_and_run,type_of_collision,mviw,ped_action,road_surface,road_cond_1,lighting,pedestrian_accident,bicycle_accident,alcohol_involved,stwd_vehtype_at_fault,count_severe_inj,count_visible_inj,count_complaint_pain,count_ped_killed,count_ped_injured,count_bicyclist_killed,count_bicyclist_injured,latitude,longitude,county,city,severity_label,collision_type_label,mviw_label,lighting_label,weather_label,road_surface_label,hit_and_run_label,ped_action_label,day_of_week_label,pcf_category_label
9893954,2,4,N,M,27.0,A,-,-,N,-,0,1,B,,-,L,W,,bicyclist,not_drinking,not_applicable,,proceeding_straight,emergency_vehicle,2025,2025-10-05,15:50,7,University,West Frontage,0.0,,Y,A,3,0,1,2,A,12,N,H,G,A,A,H,A,,Y,Y,A,0,1,0,0,0,0,1,37.866451263427734,-122.30554962158205,ALAMEDA,BERKELEY,other_visible_injury,other,bicycle,daylight,clear,dry,no,no_pedestrian,Sunday,traffic_signals
9893958,1,1,Y,M,36.0,A,-,M,N,-,0,0,E,2015.0,-,A,H,,driver,not_drinking,airbag,other,making_right_turn,passenger_car,2025,2025-10-08,17:58,3,Claremont,Ashby,0.0,,Y,A,4,0,1,2,A,10,N,G,B,B,A,H,A,Y,,,A,0,0,1,0,1,0,0,37.858051300048835,-122.24530029296876,ALAMEDA,BERKELEY,complaint_of_pain,vehicle_pedestrian,pedestrian,daylight,clear,dry,no,crossing_in_crosswalk_at_intersection,Wednesday,pedestrian_right_of_way
9893958,2,2,N,M,30.0,A,-,-,N,-,0,1,B,,-,N,W,,pedestrian,not_drinking,not_applicable,,proceeding_straight,city_bus,2025,2025-10-08,17:58,3,Claremont,Ashby,0.0,,Y,A,4,0,1,2,A,10,N,G,B,B,A,H,A,Y,,,A,0,0,1,0,1,0,0,37.858051300048835,-122.24530029296876,ALAMEDA,BERKELEY,complaint_of_pain,vehicle_pedestrian,pedestrian,daylight,clear,dry,no,crossing_in_crosswalk_at_intersection,Wednesday,pedestrian_right_of_way
9896023,1,1,Y,M,55.0,A,-,M,N,-,0,0,B,2025.0,-,A,W,,driver,not_drinking,airbag,,proceeding_straight,passenger_car,2025,2025-12-17,13:50,3,Peralta Av,Solano,0.0,,Y,B,2,0,1,2,A,09,N,H,G,A,B,H,A,,Y,,A,1,0,0,0,0,0,1,37.89043045043945,-122.28571319580078,ALAMEDA,ALBANY,severe_injury,other,bicycle,daylight,cloudy,wet,no,no_pedestrian,Wednesday,automobile_right_of_way
9896023,2,4,N,M,82.0,A,-,-,N,-,0,1,B,,-,L,W,,bicyclist,not_drinking,not_applicable,,proceeding_straight,emergency_vehicle,2025,2025-12-17,13:50,3,Peralta Av,Solano,0.0,,Y,B,2,0,1,2,A,09,N,H,G,A,B,H,A,,Y,,A,1,0,0,0,0,0,1,37.89043045043945,-122.28571319580078,ALAMEDA,ALBANY,severe_injury,other,bicycle,daylight,cloudy,wet,no,no_pedestrian,Wednesday,automobile_right_of_way
9896327,1,1,Y,F,57.0,A,-,M,N,-,0,0,B,2019.0,-,A,A,,driver,not_drinking,airbag,white,proceeding_straight,passenger_car,2025,2025-10-28,17:11,2,Parker St,Martin Luther King Jr Wy,0.0,,Y,A,3,0,1,2,A,10,N,A,B,B,A,H,A,Y,,,A,0,1,0,0,1,0,0,37.86153030395508,-122.27188873291016,ALAMEDA,BERKELEY,other_visible_injury,head_on,pedestrian,daylight,clear,dry,no,crossing_in_crosswalk_at_intersection,Tuesday,pedestrian_right_of_way
9896327,2,2,N,M,14.0,A,-,-,N,-,0,1,B,,-,N,W,,pedestrian,not_drinking,not_applicable,,proceeding_straight,city_bus,2025,2025-10-28,17:11,2,Parker St,Martin Luther King Jr Wy,0.0,,Y,A,3,0,1,2,A,10,N,A,B,B,A,H,A,Y,,,A,0,1,0,0,1,0,0,37.86153030395508,-122.27188873291016,ALAMEDA,BERKELEY,other_visible_injury,head_on,pedestrian,daylight,clear,dry,no,crossing_in_crosswalk_at_intersection,Tuesday,pedestrian_right_of_way
9896328,1,1,Y,F,66.0,A,-,B,N,-,0,0,A,2013.0,-,A,W,,driver,not_drinking,unknown,,stopped,passenger_car,2025,2025-10-28,25:00,2,Piedmont Av,Channing St,0.0,,Y,A,3,0,1,2,A,10,N,G,B,B,-,H,A,Y,,,A,0,1,0,0,1,0,0,37.86867904663086,-122.25225067138672,ALAMEDA,BERKELEY,other_visible_injury,vehicle_pedestrian,pedestrian,daylight,clear,,no,crossing_in_crosswalk_at_intersection,Tuesday,pedestrian_right_of_way
9896328,2,2,N,M,18.0,A,-,-,-,-,0,1,B,,-,N,A,,pedestrian,not_drinking,not_applicable,white,proceeding_straight,city_bus,2025,2025-10-28,25:00,2,Piedmont Av,Channing St,0.0,,Y,A,3,0,1,2,A,10,N,G,B,B,-,H,A,Y,,,A,0,1,0,0,1,0,0,37.86867904663086,-122.25225067138672,ALAMEDA,BERKELEY,other_visible_injury,vehicle_pedestrian,pedestrian,daylight,clear,,no,crossing_in_crosswalk_at_intersection,Tuesday,pedestrian_right_of_way
9896329,1,1,Y,F,46.0,-,E,M,A,-,0,0,E,2015.0,-,A,H,,driver,unknown,airbag,other,making_right_turn,passenger_car,2025,2025-10-26,23:14,7,Cedar St,Martin Luther King Jr Wy,0.0,,Y,A,3,0,1,2,A,00,F,G,B,B,A,H,C,Y,,,A,0,1,0,0,1,0,0,37.877830505371094,-122.27359771728516,ALAMEDA,BERKELEY,other_visible_injury,vehicle_pedestrian,pedestrian,dark_street_lights,clear,dry,felony,crossing_in_crosswalk_at_intersection,Sunday,unknown
9896329,2,2,N,M,30.0,H,H,-,N,-,0,1,B,,-,N,O,,pedestrian,impairment_physical,not_applicable,,proceeding_straight,city_bus,2025,2025-10-26,23:14,7,Cedar St,Martin Luther King Jr Wy,0.0,,Y,A,3,0,1,2,A,00,F,G,B,B,A,H,C,Y,,,A,0,1,0,0,1,0,0,37.877830505371094,-122.27359771728516,ALAMEDA,BERKELEY,other_visible_injury,vehicle_pedestrian,pedestrian,dark_street_lights,clear,dry,felony,crossing_in_crosswalk_at_intersection,Sunday,unknown
9896330,1,1,Y,F,52.0,C,-,M,N,-,0,0,E,2020.0,-,A,A,,driver,under_influence,airbag,white,making_right_turn,passenger_car,2025,2025-10-25,20:48,6,Oxford St,University Av,0.0,,Y,B,3,0,1,2,A,09,N,A,G,A,A,H,C,,Y,Y,A,0,1,0,0,0,0,1,37.87245178222656,-122.26608276367188,ALAMEDA,BERKELEY,other_visible_injury,head_on,bicycle,dark_street_lights,cloudy,dry,no,no_pedestrian,Saturday,automobile_right_of_way
9896330,2,4,N,M,22.0,A,-,-,N,-,0,1,B,,-,L,A,,bicyclist,not_drinking,not_applicable,white,proceeding_straight,emergency_vehicle,2025,2025-10-25,20:48,6,Oxford St,University Av,0.0,,Y,B,3,0,1,2,A,09,N,A,G,A,A,H,C,,Y,Y,A,0,1,0,0,0,0,1,37.87245178222656,-122.26608276367188,ALAMEDA,BERKELEY,other_visible_injury,head_on,bicycle,dark_street_lights,cloudy,dry,no,no_pedestrian,Saturday,automobile_right_of_way
9896331,1,3,Y,-,,H,H,-,N,-,0,0,O,2014.0,-,A,,,parked_vehicle,impairment_physical,not_applicable,,crossed_into_opposing_lane,passenger_car,2025,2025-10-24,17:00,5,Piedmont Av,Channing Cir,45.0,S,N,A,3,0,1,2,A,17,N,H,G,A,A,H,A,,Y,,A,0,1,0,0,0,0,1,37.86774826049805,-122.25209808349608,ALAMEDA,BERKELEY,other_visible_injury,other,bicycle,daylight,clear,dry,no,no_pedestrian,Friday,other_hazardous_mv
9896331,2,4,N,F,35.0,A,-,-,N,-,0,1,B,,-,L,O,,bicyclist,not_drinking,not_applicable,,proceeding_straight,emergency_vehicle,2025,2025-10-24,17:00,5,Piedmont Av,Channing Cir,45.0,S,N,A,3,0,1,2,A,17,N,H,G,A,A,H,A,,Y,,A,0,1,0,0,0,0,1,37.86774826049805,-122.25209808349608,ALAMEDA,BERKELEY,other_visible_injury,other,bicycle,daylight,clear,dry,no,no_pedestrian,Friday,other_hazardous_mv
9896338,1,4,Y,F,57.0,A,-,-,N,-,0,1,E,,-,L,W,,bicyclist,not_drinking,not_applicable,,making_right_turn,emergency_vehicle,2025,2025-10-20,15:56,1,Adeline St,Martin Luther King Jr Wy,216.0,W,N,A,3,0,1,2,A,08,N,D,G,A,A,H,A,,Y,,L,0,1,0,0,0,0,1,37.84654998779297,-122.2720184326172,ALAMEDA,BERKELEY,other_visible_injury,broadside,bicycle,daylight,clear,dry,no,no_pedestrian,Monday,improper_turning
9896338,2,1,N,M,45.0,A,-,M,N,-,0,0,B,2020.0,FORD,A,A,,driver,not_drinking,airbag,white,proceeding_straight,passenger_car,2025,2025-10-20,15:56,1,Adeline St,Martin Luther King Jr Wy,216.0,W,N,A,3,0,1,2,A,08,N,D,G,A,A,H,A,,Y,,L,0,1,0,0,0,0,1,37.84654998779297,-122.2720184326172,ALAMEDA,BERKELEY,other_visible_injury,broadside,bicycle,daylight,clear,dry,no,no_pedestrian,Monday,improper_turning
9896342,1,4,Y,M,36.0,A,-,-,M,-,0,1,B,,-,L,B,,bicyclist,not_drinking,not_applicable,hispanic,proceeding_straight,emergency_vehicle,2025,2025-10-17,15:54,5,University,10Th St,103.0,E,N,A,4,0,1,2,A,05,N,D,G,A,A,H,A,,Y,,L,0,0,1,0,0,0,1,37.86865997314453,-122.2929916381836,ALAMEDA,BERKELEY,complaint_of_pain,broadside,bicycle,daylight,clear,dry,no,no_pedestrian,Friday,wrong_side_of_road
9896342,2,1,N,F,36.0,A,-,M,N,-,0,0,D,2012.0,-,A,H,,driver,not_drinking,airbag,other,ran_off_road_left,passenger_car,2025,2025-10-17,15:54,5,University,10Th St,103.0,E,N,A,4,0,1,2,A,05,N,D,G,A,A,H,A,,Y,,L,0,0,1,0,0,0,1,37.86865997314453,-122.2929916381836,ALAMEDA,BERKELEY,complaint_of_pain,broadside,bicycle,daylight,clear,dry,no,no_pedestrian,Friday,wrong_side_of_road
9896345,1,1,Y,M,36.0,A,-,M,N,-,0,0,E,2007.0,-,A,W,,driver,not_drinking,airbag,,making_right_turn,passenger_car,2025,2025-10-15,19:28,3,Dwight,7Th,0.0,,Y,A,4,0,1,2,A,10,N,G,B,B,A,H,C,Y,,,A,0,0,1,0,1,0,0,37.86019134521485,-122.29405212402344,ALAMEDA,BERKELEY,complaint_of_pain,vehicle_pedestrian,pedestrian,dark_street_lights,clear,dry,no,crossing_in_crosswalk_at_intersection,Wednesday,pedestrian_right_of_way
9896345,2,2,N,M,25.0,A,-,-,N,-,0,1,A,,-,N,A,,pedestrian,not_drinking,not_applicable,white,stopped,city_bus,2025,2025-10-15,19:28,3,Dwight,7Th,0.0,,Y,A,4,0,1,2,A,10,N,G,B,B,A,H,C,Y,,,A,0,0,1,0,1,0,0,37.86019134521485,-122.29405212402344,ALAMEDA,BERKELEY,complaint_of_pain,vehicle_pedestrian,pedestrian,dark_street_lights,clear,dry,no,crossing_in_crosswalk_at_intersection,Wednesday,pedestrian_right_of_way
9896346,1,1,Y,F,65.0,A,-,M,N,-,0,0,B,1999.0,-,A,B,,driver,not_drinking,airbag,hispanic,proceeding_straight,passenger_car,2025,2025-10-15,08:33,3,Oregano,Milvia,0.0,,Y,A,4,0,1,2,A,12,N,D,G,A,A,H,A,,Y,,A,0,0,1,0,0,0,1,37.85731887817382,-122.26911926269533,ALAMEDA,BERKELEY,complaint_of_pain,broadside,bicycle,daylight,clear,dry,no,no_pedestrian,Wednesday,traffic_signals
9896346,2,4,N,F,32.0,A,-,-,N,-,0,1,B,,-,L,W,,bicyclist,not_drinking,not_applicable,,proceeding_straight,emergency_vehicle,2025,2025-10-15,08:33,3,Oregano,Milvia,0.0,,Y,A,4,0,1,2,A,12,N,D,G,A,A,H,A,,Y,,A,0,0,1,0,0,0,1,37.85731887817382,-122.26911926269533,ALAMEDA,BERKELEY,complaint_of_pain,broadside,bicycle,daylight,clear,dry,no,no_pedestrian,Wednesday,traffic_signals
9896347,1,1,Y,M,75.0,A,-,M,N,-,0,0,E,2007.0,-,A,W,,driver,not_drinking,airbag,,making_right_turn,passenger_car,2025,2025-10-14,19:45,2,Bancroft,Shattuck Av,60.0,E,N,A,2,0,1,2,A,08,N,D,G,A,A,H,C,,Y,,A,1,0,0,0,0,0,1,37.86759185791016,-122.26776885986328,ALAMEDA,BERKELEY,severe_injury,broadside,bicycle,dark_street_lights,clear,dry,no,no_pedestrian,Tuesday,improper_turning
9896347,2,4,N,F,19.0,A,-,-,-,-,0,1,B,,-,L,O,,bicyclist,not_drinking,not_applicable,,proceeding_straight,emergency_vehicle,2025,2025-10-14,19:45,2,Bancroft,Shattuck Av,60.0,E,N,A,2,0,1,2,A,08,N,D,G,A,A,H,C,,Y,,A,1,0,0,0,0,0,1,37.86759185791016,-122.26776885986328,ALAMEDA,BERKELEY,severe_injury,broadside,bicycle,dark_street_lights,clear,dry,no,no_pedestrian,Tuesday,improper_turning
9896349,1,1,Y,M,53.0,A,-,M,N,-,0,0,D,2023.0,-,A,B,,driver,not_drinking,airbag,hispanic,ran_off_road_left,passenger_car,2025,2025-10-13,08:10,1,Oxford,Virginia,0.0,,Y,B,3,0,1,2,A,09,N,D,G,A,A,H,A,,Y,,A,0,1,0,0,0,0,1,,,ALAMEDA,BERKELEY,other_visible_injury,broadside,bicycle,daylight,cloudy,dry,no,no_pedestrian,Monday,automobile_right_of_way
9896349,2,4,N,M,30.0,A,-,-,N,-,0,1,B,,-,L,W,,bicyclist,not_drinking,not_applicable,,proceeding_straight,emergency_vehicle,2025,2025-10-13,08:10,1,Oxford,Virginia,0.0,,Y,B,3,0,1,2,A,09,N,D,G,A,A,H,A,,Y,,A,0,1,0,0,0,0,1,,,ALAMEDA,BERKELEY,other_visible_injury,broadside,bicycle,daylight,cloudy,dry,no,no_pedestrian,Monday,automobile_right_of_way
9896352,1,1,Y,F,83.0,A,-,M,M,-,0,0,E,2023.0,-,A,A,,driver,not_drinking,airbag,white,making_right_turn,passenger_car,2025,2025-10-12,09:43,7,Santa Fe,Gilman,0.0,,Y,A,4,0,1,2,A,10,N,A,B,B,A,H,A,Y,,,A,0,0,1,0,1,0,0,37.8814811706543,-122.29087066650392,ALAMEDA,BERKELEY,complaint_of_pain,head_on,pedestrian,daylight,clear,dry,no,crossing_in_crosswalk_at_intersection,Sunday,pedestrian_right_of_way
9896352,2,2,N,F,33.0,A,-,-,N,-,0,1,B,,-,N,A,,pedestrian,not_drinking,not_applicable,white,proceeding_straight,city_bus,2025,2025-10-12,09:43,7,Santa Fe,Gilman,0.0,,Y,A,4,0,1,2,A,10,N,A,B,B,A,H,A,Y,,,A,0,0,1,0,1,0,0,37.8814811706543,-122.29087066650392,ALAMEDA,BERKELEY,complaint_of_pain,head_on,pedestrian,daylight,clear,dry,no,crossing_in_crosswalk_at_intersection,Sunday,pedestrian_right_of_way
9896354,1,4,Y,M,71.0,A,-,-,N,-,0,1,B,,-,L,W,,bicyclist,not_drinking,not_applicable,,proceeding_straight,emergency_vehicle,2025,2025-10-11,13:06,6,Rose Av,Oroway St,310.0,W,N,A,3,0,1,2,A,12,N,D,G,A,A,H,A,,Y,,L,0,1,0,0,0,0,1,37.876590728759766,-122.28871917724608,ALAMEDA,BERKELEY,other_visible_injury,broadside,bicycle,daylight,clear,dry,no,no_pedestrian,Saturday,traffic_signals
9896354,2,1,N,F,26.0,A,-,M,E,-,0,0,B,2021.0,-,A,A,,driver,not_drinking,airbag,white,proceeding_straight,passenger_car,2025,2025-10-11,13:06,6,Rose Av,Oroway St,310.0,W,N,A,3,0,1,2,A,12,N,D,G,A,A,H,A,,Y,,L,0,1,0,0,0,0,1,37.876590728759766,-122.28871917724608,ALAMEDA,BERKELEY,other_visible_injury,broadside,bicycle,daylight,clear,dry,no,no_pedestrian,Saturday,traffic_signals
9896355,1,1,Y,M,21.0,A,-,M,A,E,0,0,B,2015.0,-,A,H,,driver,not_drinking,airbag,other,proceeding_straight,passenger_car,2025,2025-10-10,17:09,5,Channing,Telegraph Av,260.0,W,N,A,2,0,2,3,A,10,N,G,B,C,A,H,A,Y,,,A,1,1,0,0,2,0,0,37.86663055419922,-122.2607879638672,ALAMEDA,BERKELEY,severe_injury,vehicle_pedestrian,pedestrian,daylight,clear,dry,no,crossing_in_crosswalk_not_at_intersection,Friday,pedestrian_right_of_way
9896355,2,2,N,F,35.0,A,-,-,N,-,0,1,-,,-,N,B,,pedestrian,not_drinking,not_applicable,hispanic,unknown,city_bus,2025,2025-10-10,17:09,5,Channing,Telegraph Av,260.0,W,N,A,2,0,2,3,A,10,N,G,B,C,A,H,A,Y,,,A,1,1,0,0,2,0,0,37.86663055419922,-122.2607879638672,ALAMEDA,BERKELEY,severe_injury,vehicle_pedestrian,pedestrian,daylight,clear,dry,no,crossing_in_crosswalk_not_at_intersection,Friday,pedestrian_right_of_way
9896355,3,2,N,M,42.0,A,-,-,N,-,0,1,-,,-,N,B,,pedestrian,not_drinking,not_applicable,hispanic,unknown,city_bus,2025,2025-10-10,17:09,5,Channing,Telegraph Av,260.0,W,N,A,2,0,2,3,A,10,N,G,B,C,A,H,A,Y,,,A,1,1,0,0,2,0,0,37.86663055419922,-122.2607879638672,ALAMEDA,BERKELEY,severe_injury,vehicle_pedestrian,pedestrian,daylight,clear,dry,no,crossing_in_crosswalk_not_at_intersection,Friday,pedestrian_right_of_way
9896360,1,1,Y,M,,G,G,B,A,-,0,0,E,2004.0,-,A,H,,driver,not_applicable,unknown,other,making_right_turn,passenger_car,2025,2025-10-08,18:20,3,Telegraph,Bancroft,0.0,,Y,A,3,0,1,2,A,17,F,G,B,B,A,H,A,Y,,,A,0,1,0,0,1,0,0,37.86899185180664,-122.25688934326172,ALAMEDA,BERKELEY,other_visible_injury,vehicle_pedestrian,pedestrian,daylight,clear,dry,felony,crossing_in_crosswalk_at_intersection,Wednesday,other_hazardous_mv
9896360,2,2,N,F,20.0,A,-,-,N,-,0,1,B,,-,N,A,,pedestrian,not_drinking,not_applicable,white,proceeding_straight,city_bus,2025,2025-10-08,18:20,3,Telegraph,Bancroft,0.0,,Y,A,3,0,1,2,A,17,F,G,B,B,A,H,A,Y,,,A,0,1,0,0,1,0,0,37.86899185180664,-122.25688934326172,ALAMEDA,BERKELEY,other_visible_injury,vehicle_pedestrian,pedestrian,daylight,clear,dry,felony,crossing_in_crosswalk_at_intersection,Wednesday,other_hazardous_mv
9897332,1,1,Y,F,74.0,A,-,M,E,-,0,0,E,2014.0,-,A,A,,driver,not_drinking,airbag,white,making_right_turn,passenger_car,2025,2025-11-26,10:30,3,University,California,0.0,,Y,A,3,0,1,3,A,10,N,G,B,B,A,D,A,Y,,,A,0,1,0,0,1,0,0,37.87068939208984,-122.27976989746094,ALAMEDA,BERKELEY,other_visible_injury,vehicle_pedestrian,pedestrian,daylight,clear,dry,no,crossing_in_crosswalk_at_intersection,Wednesday,pedestrian_right_of_way
9897332,2,2,N,F,37.0,A,-,-,-,-,0,1,-,,-,N,W,,pedestrian,not_drinking,not_applicable,,unknown,city_bus,2025,2025-11-26,10:30,3,University,California,0.0,,Y,A,3,0,1,3,A,10,N,G,B,B,A,D,A,Y,,,A,0,1,0,0,1,0,0,37.87068939208984,-122.27976989746094,ALAMEDA,BERKELEY,other_visible_injury,vehicle_pedestrian,pedestrian,daylight,clear,dry,no,crossing_in_crosswalk_at_intersection,Wednesday,pedestrian_right_of_way
9897332,3,2,N,M,37.0,A,-,-,-,-,0,0,-,,-,N,H,,pedestrian,not_drinking,not_applicable,other,unknown,city_bus,2025,2025-11-26,10:30,3,University,California,0.0,,Y,A,3,0,1,3,A,10,N,G,B,B,A,D,A,Y,,,A,0,1,0,0,1,0,0,37.87068939208984,-122.27976989746094,ALAMEDA,BERKELEY,other_visible_injury,vehicle_pedestrian,pedestrian,daylight,clear,dry,no,crossing_in_crosswalk_at_intersection,Wednesday,pedestrian_right_of_way
9897336,1,4,Y,M,48.0,D,-,-,F,-,0,1,B,,-,L,W,-,bicyclist,impairment_unknown,not_applicable,,proceeding_straight,emergency_vehicle,2025,2025-11-21,21:40,5,Addison,Bonar St,197.0,E,N,A,3,0,1,2,A,12,N,H,G,A,A,H,C,,Y,Y,L,0,1,0,0,0,0,1,37.869041442871094,-122.28662109375,ALAMEDA,BERKELEY,other_visible_injury,other,bicycle,dark_street_lights,clear,dry,no,no_pedestrian,Friday,traffic_signals
9897336,2,1,N,M,69.0,A,-,M,N,-,0,0,B,1996.0,-,A,W,,driver,not_drinking,airbag,,proceeding_straight,passenger_car,2025,2025-11-21,21:40,5,Addison,Bonar St,197.0,E,N,A,3,0,1,2,A,12,N,H,G,A,A,H,C,,Y,Y,L,0,1,0,0,0,0,1,37.869041442871094,-122.28662109375,ALAMEDA,BERKELEY,other_visible_injury,other,bicycle,dark_street_lights,clear,dry,no,no_pedestrian,Friday,traffic_signals
9897340,1,1,Y,M,55.0,A,-,M,A,-,0,0,L,2022.0,-,A,W,,driver,not_drinking,airbag,,parking_maneuver,passenger_car,2025,2025-11-19,17:15,3,Acton Cir,Delaware St,248.0,N,N,A,3,0,1,2,A,09,N,A,G,A,A,H,C,,Y,,A,0,1,0,0,0,0,1,37.87274932861328,-122.2846221923828,ALAMEDA,BERKELEY,other_visible_injury,head_on,bicycle,dark_street_lights,clear,dry,no,no_pedestrian,Wednesday,automobile_right_of_way
9897340,2,4,N,M,30.0,A,-,-,N,-,0,1,B,,-,L,A,,bicyclist,not_drinking,not_applicable,white,proceeding_straight,emergency_vehicle,2025,2025-11-19,17:15,3,Acton Cir,Delaware St,248.0,N,N,A,3,0,1,2,A,09,N,A,G,A,A,H,C,,Y,,A,0,1,0,0,0,0,1,37.87274932861328,-122.2846221923828,ALAMEDA,BERKELEY,other_visible_injury,head_on,bicycle,dark_street_lights,clear,dry,no,no_pedestrian,Wednesday,automobile_right_of_way
9897487,1,3,Y,-,,H,H,-,N,-,0,0,O,,-,-,,,parked_vehicle,impairment_physical,not_applicable,,crossed_into_opposing_lane,,2025,2025-11-19,16:35,3,The Alameda,Los Angeles Av,400.0,N,N,A,4,0,1,2,A,17,N,H,G,A,A,H,B,,Y,,-,0,0,1,0,0,0,1,37.89070129394531,-122.27700042724608,ALAMEDA,BERKELEY,complaint_of_pain,other,bicycle,dusk_dawn,clear,dry,no,no_pedestrian,Wednesday,other_hazardous_mv
9897487,2,4,N,F,63.0,A,-,-,N,-,0,1,B,,-,L,A,,bicyclist,not_drinking,not_applicable,white,proceeding_straight,emergency_vehicle,2025,2025-11-19,16:35,3,The Alameda,Los Angeles Av,400.0,N,N,A,4,0,1,2,A,17,N,H,G,A,A,H,B,,Y,,-,0,0,1,0,0,0,1,37.89070129394531,-122.27700042724608,ALAMEDA,BERKELEY,complaint_of_pain,other,bicycle,dusk_dawn,clear,dry,no,no_pedestrian,Wednesday,other_hazardous_mv
9897488,1,1,N,F,,D,-,B,A,-,0,0,A,,-,A,W,,driver,impairment_unknown,unknown,,stopped,passenger_car,2025,2025-11-19,09:00,3,Milvia,Channing,0.0,,Y,A,4,0,1,2,D,00,N,H,G,A,A,H,A,,Y,Y,-,0,0,1,0,0,0,1,37.8650016784668,-122.27001190185548,ALAMEDA,BERKELEY,complaint_of_pain,other,bicycle,daylight,clear,dry,no,no_pedestrian,Wednesday,unknown
9897488,2,4,N,F,71.0,A,-,-,-,-,0,1,A,,-,L,W,,bicyclist,not_drinking,not_applicable,,stopped,emergency_vehicle,2025,2025-11-19,09:00,3,Milvia,Channing,0.0,,Y,A,4,0,1,2,D,00,N,H,G,A,A,H,A,,Y,Y,-,0,0,1,0,0,0,1,37.8650016784668,-122.27001190185548,ALAMEDA,BERKELEY,complaint_of_pain,other,bicycle,daylight,clear,dry,no,no_pedestrian,Wednesday,unknown
9897493,1,1,Y,F,70.0,A,-,M,F,-,0,0,E,2021.0,-,A,W,-,driver,not_drinking,airbag,,making_right_turn,passenger_car,2025,2025-11-13,15:55,4,Sacramento,Channing,0.0,,Y,B,4,0,1,2,A,10,N,G,B,B,B,H,A,Y,,,A,0,0,1,0,1,0,0,37.862998962402344,-122.28099822998048,ALAMEDA,BERKELEY,complaint_of_pain,vehicle_pedestrian,pedestrian,daylight,cloudy,wet,no,crossing_in_crosswalk_at_intersection,Thursday,pedestrian_right_of_way
9897493,2,2,N,M,45.0,A,-,-,N,-,0,1,-,,-,N,H,,pedestrian,not_drinking,not_applicable,other,unknown,city_bus,2025,2025-11-13,15:55,4,Sacramento,Channing,0.0,,Y,B,4,0,1,2,A,10,N,G,B,B,B,H,A,Y,,,A,0,0,1,0,1,0,0,37.862998962402344,-122.28099822998048,ALAMEDA,BERKELEY,complaint_of_pain,vehicle_pedestrian,pedestrian,daylight,cloudy,wet,no,crossing_in_crosswalk_at_intersection,Thursday,pedestrian_right_of_way
9897497,1,1,Y,M,98.0,G,G,M,N,-,0,0,E,1997.0,-,A,B,,driver,not_applicable,airbag,hispanic,making_right_turn,passenger_car,2025,2025-11-10,07:41,1,Rose,Mcgee Av,57.0,W,N,B,3,0,1,2,A,10,N,G,B,D,A,H,B,Y,,,A,0,1,0,0,1,0,0,37.88002014160156,-122.27899932861328,ALAMEDA,BERKELEY,other_visible_injury,vehicle_pedestrian,pedestrian,dusk_dawn,cloudy,dry,no,crossing_not_in_crosswalk,Monday,pedestrian_right_of_way
9897497,2,2,N,M,81.0,G,G,-,N,-,0,1,-,,-,N,W,,pedestrian,not_applicable,not_applicable,,unknown,city_bus,2025,2025-11-10,07:41,1,Rose,Mcgee Av,57.0,W,N,B,3,0,1,2,A,10,N,G,B,D,A,H,B,Y,,,A,0,1,0,0,1,0,0,37.88002014160156,-122.27899932861328,ALAMEDA,BERKELEY,other_visible_injury,vehicle_pedestrian,pedestrian,dusk_dawn,cloudy,dry,no,crossing_not_in_crosswalk,Monday,pedestrian_right_of_way
9897499,1,3,Y,-,,A,-,-,N,-,0,0,O,2008.0,-,A,,,parked_vehicle,not_drinking,not_applicable,,crossed_into_opposing_lane,passenger_car,2025,2025-11-07,16:37,5,10Th,Camelia St,30.0,N,N,A,3,0,1,2,A,17,N,H,G,A,A,H,A,,Y,,A,0,1,0,0,0,0,1,37.87799835205078,-122.29599761962892,ALAMEDA,BERKELEY,other_visible_injury,other,bicycle,daylight,clear,dry,no,no_pedestrian,Friday,other_hazardous_mv
9897499,2,4,N,M,65.0,A,-,-,N,-,0,1,B,,-,L,W,,bicyclist,not_drinking,not_applicable,,proceeding_straight,emergency_vehicle,2025,2025-11-07,16:37,5,10Th,Camelia St,30.0,N,N,A,3,0,1,2,A,17,N,H,G,A,A,H,A,,Y,,A,0,1,0,0,0,0,1,37.87799835205078,-122.29599761962892,ALAMEDA,BERKELEY,other_visible_injury,other,bicycle,daylight,clear,dry,no,no_pedestrian,Friday,other_hazardous_mv